No,レア,カード名,card_number,買取金額,更新日,弾,ラッシュ販売価格,ラッシュ在庫状況,画像URL,期待利益
113/076,MUR,メガレックウザex,113/076,120000,10/1,,89800,在庫あり (31枚),https://www.cardrush-pokemon.jp/data/cardrushpokemon/_/70726f647563742f43524d365f3033372e6a7067003136300000660023666666666666.jpg,30200
110/076,SAR,メガレックウザex,110/076,38000,10/5,,34800,在庫あり (272枚),https://www.cardrush-pokemon.jp/data/cardrushpokemon/_/70726f647563742f43524d365f3033342e6a7067003136300000660023666666666666.jpg,3200
118/081,MUR,メガダークライex,118/081,36000,10/5,,47800,在庫あり (69枚),https://www.cardrush-pokemon.jp/data/cardrushpokemon/_/70726f647563742f4d355f5341525f31312e6a7067003136300000660023666666666666.jpg,-11800
112/081,SAR,メガゼラオラex,112/081,6500,10/5,,2780,在庫あり (201枚),https://www.cardrush-pokemon.jp/data/cardrushpokemon/_/70726f647563742f4d355f5341525f352e6a7067003136300000660023666666666666.jpg,3720
114/081,SAR,メガダークライex,114/081,20000,10/5,,22800,在庫あり (468枚),https://www.cardrush-pokemon.jp/data/cardrushpokemon/_/70726f647563742f4d355f5341525f372e6a7067003136300000660023666666666666.jpg,-2800
115/081,SAR,モルペコex,115/081,6000,10/5,,3980,在庫あり (258枚),https://www.cardrush-pokemon.jp/data/cardrushpokemon/_/70726f647563742f4d355f5341525f382e6a7067003136300000660023666666666666.jpg,2020
117/081,SAR,ムク,117/081,7000,10/5,,3980,在庫あり (215枚),https://www.cardrush-pokemon.jp/data/cardrushpokemon/_/70726f647563742f4d355f5341525f31302e6a7067003136300000660023666666666666.jpg,3020
111/081,SR,ムク,111/081,7000,10/5,,1880,在庫あり (159枚),https://www.cardrush-pokemon.jp/data/cardrushpokemon/_/70726f647563742f4d355f5341525f342e6a7067003136300000660023666666666666.jpg,5120
120/083,MUR,メガゲッコウガex,120/083,55000,10/5,,69800,在庫あり (97枚),https://www.cardrush-pokemon.jp/data/cardrushpokemon/_/70726f647563742f4d345f33372e6a7067003136300000660023666666666666.jpg,-14800
114/083,SAR,メガゲッコウガex,114/083,20000,10/5,,18800,在庫あり (240枚),https://www.cardrush-pokemon.jp/data/cardrushpokemon/_/70726f647563742f4d345f33312e6a7067003136300000660023666666666666.jpg,1200
117/080,MUR,メガジガルデex,117/080,20000,10/5,,27800,在庫あり (58枚),https://www.cardrush-pokemon.jp/data/cardrushpokemon/_/70726f647563742f4d335f30325f312e6a7067003136300000660023666666666666.jpg,-7800
114/080,SAR,ニャースex,114/080,6500,10/5,,8480,在庫あり (130枚),https://www.cardrush-pokemon.jp/data/cardrushpokemon/_/70726f647563742f4d335f30325f342e6a7067003136300000660023666666666666.jpg,-1980
115/080,SAR,メイのはげまし,115/080,17000,10/5,,9980,在庫あり (112枚),https://www.cardrush-pokemon.jp/data/cardrushpokemon/_/70726f647563742f4d335f30325f352e6a7067003136300000660023666666666666.jpg,7020
766/742,MUR,メガリザードンYex,766/742,520000,10/5,,648000,在庫あり (1枚),https://www.cardrush-pokemon.jp/data/cardrushpokemon/_/70726f647563742f32303235313231385f3434653536632e6a7067003136300000660023666666666666.jpg,-128000
761/742,SAR,メガメガニウムex,761/742,8500,10/5,,11800,在庫あり (253枚),https://www.cardrush-pokemon.jp/data/cardrushpokemon/_/70726f647563742f6d4341525f31392e6a7067003136300000660023666666666666.jpg,-3300
762/742,SAR,メガエンブオーex,762/742,6000,10/5,,8980,在庫あり (330枚),https://www.cardrush-pokemon.jp/data/cardrushpokemon/_/70726f647563742f6d4341525f32302e6a7067003136300000660023666666666666.jpg,-2980
763/742,SAR,メガオーダイルex,763/742,12000,10/5,,13800,在庫あり (184枚),https://www.cardrush-pokemon.jp/data/cardrushpokemon/_/70726f647563742f6d4341525f32312e6a7067003136300000660023666666666666.jpg,-1800
764/742,SAR,ピカチュウex,764/742,130000,10/5,,108000,在庫あり (126枚),https://www.cardrush-pokemon.jp/data/cardrushpokemon/_/70726f647563742f6d4341525f32322e6a7067003136300000660023666666666666.jpg,22000
765/742,SAR,リーリエのピッピex,765/742,45000,10/5,,44800,在庫あり (230枚),https://www.cardrush-pokemon.jp/data/cardrushpokemon/_/70726f647563742f6d4341525f32332e6a7067003136300000660023666666666666.jpg,200
760/742,SR,ボスの指令(カラスバ),760/742,7000,10/5,,6980,在庫あり (303枚),https://www.cardrush-pokemon.jp/data/cardrushpokemon/_/70726f647563742f6d4341525f31382e6a7067003136300000660023666666666666.jpg,20
743/742,AR,エリカのモンジャラ,743/742,7000,10/5,,6980,在庫あり (321枚),https://www.cardrush-pokemon.jp/data/cardrushpokemon/_/70726f647563742f6d4341525f312e6a7067003136300000660023666666666666.jpg,20
755/742,AR,イーブイ,755/742,22000,10/5,,18800,在庫あり (270枚),https://www.cardrush-pokemon.jp/data/cardrushpokemon/_/70726f647563742f6d4341525f31332e6a7067003136300000660023666666666666.jpg,3200
250/193,MUR,メガカイリューex,250/193,36000,10/5,,29800,在庫あり (108枚),https://www.cardrush-pokemon.jp/data/cardrushpokemon/_/70726f647563742f6d3261736172312e6a7067003136300000660023666666666666.jpg,6200
234/193,SAR,ピカチュウex,234/193,30000,10/8,,29800,在庫あり (232枚),https://www.cardrush-pokemon.jp/data/cardrushpokemon/_/70726f647563742f6d326173617231372e6a7067003136300000660023666666666666.jpg,200
236/193,SAR,ナンジャモのハラバリーex,236/193,3500,10/5,,3980,在庫あり (21枚),https://www.cardrush-pokemon.jp/data/cardrushpokemon/_/70726f647563742f6d326173617231352e6a7067003136300000660023666666666666.jpg,-480
237/193,SAR,ロケット団のミュウツーex,237/193,12000,10/5,,14800,在庫あり (168枚),https://www.cardrush-pokemon.jp/data/cardrushpokemon/_/70726f647563742f6d326173617231342e6a7067003136300000660023666666666666.jpg,-2800
240/193,SAR,メガゲンガーex,240/193,36000,10/5,,47800,在庫あり (174枚),https://www.cardrush-pokemon.jp/data/cardrushpokemon/_/70726f647563742f6d326173617231312e6a7067003136300000660023666666666666.jpg,-11800
242/193,SAR,Nのゾロアークex,242/193,6000,10/5,,6480,在庫あり (33枚),https://www.cardrush-pokemon.jp/data/cardrushpokemon/_/70726f647563742f6d3261736172392e6a7067003136300000660023666666666666.jpg,-480
246/193,SAR,メガカイリューex,246/193,22000,10/5,,23800,在庫あり (144枚),https://www.cardrush-pokemon.jp/data/cardrushpokemon/_/70726f647563742f6d3261736172352e6a7067003136300000660023666666666666.jpg,-1800
223/193,MA,メガリザードンXex,223/193,6500,10/5,,4980,在庫あり (907枚),https://www.cardrush-pokemon.jp/data/cardrushpokemon/_/70726f647563742f7332614d4131302e6a7067003136300000660023666666666666.jpg,1520
230/193,MA,メガゲンガーex,230/193,4000,10/5,,3380,在庫あり (404枚),https://www.cardrush-pokemon.jp/data/cardrushpokemon/_/70726f647563742f7332614d41332e6a7067003136300000660023666666666666.jpg,620
232/193,MA,メガカイリューex,232/193,3000,10/5,,1980,在庫あり (460枚),https://www.cardrush-pokemon.jp/data/cardrushpokemon/_/70726f647563742f7332614d41312e6a7067003136300000660023666666666666.jpg,1020
116/080,MUR,メガリザードンXex,116/080,170000,10/5,,138000,在庫なし,https://www.cardrush-pokemon.jp/data/cardrushpokemon/_/70726f647563742f4d32524152455f33362e6a70670031363000534f4c44204f555400660023666666666666.jpg,32000
110/080,SAR,メガリザードンXex,110/080,75000,10/5,,92800,在庫あり (73枚),https://www.cardrush-pokemon.jp/data/cardrushpokemon/_/70726f647563742f4d32524152455f33302e6a7067003136300000660023666666666666.jpg,-17800
092/063,MUR,メガルカリオex,092/063,65000,10/5,,49800,在庫あり (36枚),https://www.cardrush-pokemon.jp/data/cardrushpokemon/_/70726f647563742f4d31534d314c5f32392e6a7067003136300000660023666666666666.jpg,15200
087/063,SAR,メガフシギバナex,087/063,6500,10/5,,5980,在庫あり (307枚),https://www.cardrush-pokemon.jp/data/cardrushpokemon/_/70726f647563742f4d31534d314c5f32342e6a7067003136300000660023666666666666.jpg,520
088/063,SAR,メガルカリオex,088/063,9000,10/5,,7980,在庫あり (410枚),https://www.cardrush-pokemon.jp/data/cardrushpokemon/_/70726f647563742f4d31534d314c5f32352e6a7067003136300000660023666666666666.jpg,1020
091/063,SAR,リーリエの決心,091/063,30000,10/5,,22800,在庫あり (241枚),https://www.cardrush-pokemon.jp/data/cardrushpokemon/_/70726f647563742f50526530325f31302e6a7067003136300000660023666666666666.jpg,7200
086/063,SR,リーリエの決心,086/063,8500,10/5,,6480,在庫あり (597枚),https://www.cardrush-pokemon.jp/data/cardrushpokemon/_/70726f647563742f4d31534d314c5f32332e6a7067003136300000660023666666666666.jpg,2020
092/063,MUR,メガサーナイトex,092/063,75000,10/5,,47800,在庫あり (62枚),https://www.cardrush-pokemon.jp/data/cardrushpokemon/_/70726f647563742f4d31534d314c5f35382e6a7067003136300000660023666666666666.jpg,27200
087/063,SAR,メガサーナイトex,087/063,13000,10/5,,13800,在庫あり (278枚),https://www.cardrush-pokemon.jp/data/cardrushpokemon/_/70726f647563742f4d31534d314c5f35332e6a7067003136300000660023666666666666.jpg,-800
088/063,SAR,メガラティアスex,088/063,6500,10/5,,3980,在庫あり (241枚),https://www.cardrush-pokemon.jp/data/cardrushpokemon/_/70726f647563742f4d31534d314c5f35342e6a7067003136300000660023666666666666.jpg,2520
090/063,SAR,アセロラのいたずら,090/063,9000,10/5,,4780,在庫あり (222枚),https://www.cardrush-pokemon.jp/data/cardrushpokemon/_/70726f647563742f50526530325f392e6a7067003136300000660023666666666666.jpg,4220
020/M-P,P,ピカチュウ【マクドナルド】,020/M-P,7500,10/5,,3180,在庫あり (192枚),https://www.cardrush-pokemon.jp/data/cardrushpokemon/_/70726f647563742f43525f4d2d505f3031312e6a7067003136300000660023666666666666.jpg,4320
043/M-P,P,ミュウツーex CL2026 プロモ,043/M-P,8000,10/5,,,在庫なし,,
174/086,BWR,ゼクロムex,174/086,65000,10/5,,64800,在庫あり (17枚),https://www.cardrush-pokemon.jp/data/cardrushpokemon/_/70726f647563742f5356313142415253525f312e6a7067003136300000660023666666666666.jpg,200
169/086,SAR,ゼクロムex,169/086,18000,10/5,,24800,在庫あり (36枚),https://www.cardrush-pokemon.jp/data/cardrushpokemon/_/70726f647563742f50526530325f382e6a7067003136300000660023666666666666.jpg,-6800
173/086,SAR,Nの筋書き,173/086,8000,10/5,,5980,在庫あり (25枚),https://www.cardrush-pokemon.jp/data/cardrushpokemon/_/70726f647563742f50526530315f31372e6a7067003136300000660023666666666666.jpg,2020
109/086,AR,ガマゲロゲ,109/086,9000,10/5,,8980,在庫あり (38枚),https://www.cardrush-pokemon.jp/data/cardrushpokemon/_/70726f647563742f5356313142415253525f36372e6a7067003136300000660023666666666666.jpg,20
174/086,BWR,レシラムex,174/086,65000,10/5,,62800,在庫あり (12枚),https://www.cardrush-pokemon.jp/data/cardrushpokemon/_/70726f647563742f7376313157737273617262777241525f312e6a7067003136300000660023666666666666.jpg,2200
168/086,SAR,レシラムex,168/086,19000,10/5,,22800,在庫あり (43枚),https://www.cardrush-pokemon.jp/data/cardrushpokemon/_/70726f647563742f7376313157737273617262777241525f372e6a7067003136300000660023666666666666.jpg,-3800
169/086,SAR,ケルディオex,169/086,6000,10/5,,4280,在庫あり (11枚),https://www.cardrush-pokemon.jp/data/cardrushpokemon/_/70726f647563742f7376313157737273617262777241525f362e6a7067003136300000660023666666666666.jpg,1720
173/086,SAR,トウコ,173/086,10000,10/5,,6980,在庫あり (19枚),https://www.cardrush-pokemon.jp/data/cardrushpokemon/_/70726f647563742f7376313157737273617262777241525f322e6a7067003136300000660023666666666666.jpg,3020
130/098,UR,ロケット団のミュウツーex,130/098,7000,10/5,,9480,在庫あり (48枚),https://www.cardrush-pokemon.jp/data/cardrushpokemon/_/70726f647563742f7376313061725f332e6a7067003136300000660023666666666666.jpg,-2480
124/098,SAR,ロケット団のファイヤーex,124/098,17000,10/5,,21800,在庫あり (12枚),https://www.cardrush-pokemon.jp/data/cardrushpokemon/_/70726f647563742f7376313061725f392e6a7067003136300000660023666666666666.jpg,-4800
125/098,SAR,ロケット団のミュウツーex,125/098,50000,10/5,,59800,在庫あり (8枚),https://www.cardrush-pokemon.jp/data/cardrushpokemon/_/70726f647563742f7376313061725f382e6a7067003136300000660023666666666666.jpg,-9800
126/098,SAR,ロケット団のニドキングex,126/098,11000,10/5,,10800,在庫あり (33枚),https://www.cardrush-pokemon.jp/data/cardrushpokemon/_/70726f647563742f7376313061725f372e6a7067003136300000660023666666666666.jpg,200
127/098,SAR,ロケット団のクロバットex,127/098,8000,10/5,,7480,在庫あり (26枚),https://www.cardrush-pokemon.jp/data/cardrushpokemon/_/70726f647563742f7376313061725f362e6a7067003136300000660023666666666666.jpg,520
129/098,SAR,ロケット団のサカキ,129/098,11000,10/5,,3980,在庫あり (37枚),https://www.cardrush-pokemon.jp/data/cardrushpokemon/_/70726f647563742f7376313061725f342e6a7067003136300000660023666666666666.jpg,7020
086/063,SAR,ヒビキのホウオウex,086/063,20000,10/5,,34800,在庫あり (20枚),https://www.cardrush-pokemon.jp/data/cardrushpokemon/_/70726f647563742f535639615f372e6a7067003136300000660023666666666666.jpg,-14800
087/063,SAR,シロナのガブリアスex,087/063,32000,10/5,,42800,在庫あり (19枚),https://www.cardrush-pokemon.jp/data/cardrushpokemon/_/70726f647563742f535639615f362e6a7067003136300000660023666666666666.jpg,-10800
089/063,SAR,ヒビキの冒険,089/063,12000,10/5,,6480,在庫あり (42枚),https://www.cardrush-pokemon.jp/data/cardrushpokemon/_/70726f647563742f535639615f342e6a7067003136300000660023666666666666.jpg,5520
071/063,AR,カスミのコダック,071/063,8000,10/5,,4980,在庫あり (79枚),https://www.cardrush-pokemon.jp/data/cardrushpokemon/_/70726f647563742f535639615f32322e6a7067003136300000660023666666666666.jpg,3020
125/100,SAR,ナンジャモのハラバリーex,125/100,8000,10/5,,9980,在庫あり (77枚),https://www.cardrush-pokemon.jp/data/cardrushpokemon/_/70726f647563742f535639415253525f32352e6a7067003136300000660023666666666666.jpg,-1980
126/100,SAR,リーリエのピッピex,126/100,18000,10/5,,22800,在庫あり (35枚),https://www.cardrush-pokemon.jp/data/cardrushpokemon/_/70726f647563742f535639415253525f32362e6a7067003136300000660023666666666666.jpg,-4800
236/187,UR,ピカチュウex,236/187,13000,10/5,,7980,在庫あり (130枚),https://www.cardrush-pokemon.jp/data/cardrushpokemon/_/70726f647563742f5356386153415255525f34392e6a7067003136300000660023666666666666.jpg,5020
200/187,SAR,リーフィアex,200/187,11000,10/5,,8980,在庫あり (101枚),https://www.cardrush-pokemon.jp/data/cardrushpokemon/_/70726f647563742f5356386153415255525f31332e6a7067003136300000660023666666666666.jpg,2020
202/187,SAR,ブースターex,202/187,8000,10/5,,6980,在庫あり (130枚),https://www.cardrush-pokemon.jp/data/cardrushpokemon/_/70726f647563742f5356386153415255525f31352e6a7067003136300000660023666666666666.jpg,1020
205/187,SAR,シャワーズex,205/187,8000,10/5,,7480,在庫あり (87枚),https://www.cardrush-pokemon.jp/data/cardrushpokemon/_/70726f647563742f5356386153415255525f31382e6a7067003136300000660023666666666666.jpg,520
206/187,SAR,グレイシアex,206/187,10000,10/5,,7980,在庫あり (33枚),https://www.cardrush-pokemon.jp/data/cardrushpokemon/_/70726f647563742f50526530325f31312e6a7067003136300000660023666666666666.jpg,2020
209/187,SAR,サンダースex,209/187,8000,10/5,,6480,在庫あり (222枚),https://www.cardrush-pokemon.jp/data/cardrushpokemon/_/70726f647563742f5356386153415255525f32322e6a7067003136300000660023666666666666.jpg,1520
211/187,SAR,エーフィex,211/187,11000,10/5,,8480,在庫あり (55枚),https://www.cardrush-pokemon.jp/data/cardrushpokemon/_/70726f647563742f5356386153415255525f32342e6a7067003136300000660023666666666666.jpg,2520
212/187,SAR,ニンフィアex,212/187,16000,10/5,,19800,在庫あり (24枚),https://www.cardrush-pokemon.jp/data/cardrushpokemon/_/70726f647563742f5356386153415255525f32352e6a7067003136300000660023666666666666.jpg,-3800
217/187,SAR,ブラッキーex,217/187,46000,10/5,,57800,在庫あり (16枚),https://www.cardrush-pokemon.jp/data/cardrushpokemon/_/70726f647563742f5356386153415255525f33302e6a7067003136300000660023666666666666.jpg,-11800
224/187,SAR,イーブイex,224/187,8000,10/5,,5280,在庫あり (48枚),https://www.cardrush-pokemon.jp/data/cardrushpokemon/_/70726f647563742f5356386153415255525f33372e6a7067003136300000660023666666666666.jpg,2720
092/187,マスボ,ブラッキー（マスターボール）,092/187,13000,10/5,,19800,在庫あり (19枚),https://www.cardrush-pokemon.jp/data/cardrushpokemon/_/70726f647563742f32303235303631345f3636656139382e6a7067003136300000660023666666666666.jpg,-6800
136/106,UR,ピカチュウex,136/106,20000,10/5,,21800,在庫あり (55枚),https://www.cardrush-pokemon.jp/data/cardrushpokemon/_/70726f647563742f5356385f33302e6a7067003136300000660023666666666666.jpg,-1800
131/106,SAR,ミロカロスex,131/106,11000,10/5,,12800,在庫あり (27枚),https://www.cardrush-pokemon.jp/data/cardrushpokemon/_/70726f647563742f50526530325f31332e6a7067003136300000660023666666666666.jpg,-1800
132/106,SAR,ピカチュウex SV8,132/106,52000,10/5,,69800,在庫あり (43枚),https://www.cardrush-pokemon.jp/data/cardrushpokemon/_/70726f647563742f50526530325f352e6a7067003136300000660023666666666666.jpg,-17800
135/106,SAR,ミカンのまなざし,135/106,8000,10/5,,3480,在庫あり (32枚),https://www.cardrush-pokemon.jp/data/cardrushpokemon/_/70726f647563742f50526530325f31342e6a7067003136300000660023666666666666.jpg,4520
087/064,SAR,ラティアスｅｘ,087/064,19000,10/5,,24800,在庫あり (30枚),https://www.cardrush-pokemon.jp/data/cardrushpokemon/_/70726f647563742f50526530325f372e6a7067003136300000660023666666666666.jpg,-5800
091/064,SAR,ルチアのアピール,091/064,22000,10/5,,21800,在庫あり (38枚),https://www.cardrush-pokemon.jp/data/cardrushpokemon/_/70726f647563742f50526530325f362e6a7067003136300000660023666666666666.jpg,200
086/064,SR,ルチアのアピール,086/064,8000,10/5,,2980,在庫あり (97枚),https://www.cardrush-pokemon.jp/data/cardrushpokemon/_/70726f647563742f535637615f392e6a7067003136300000660023666666666666.jpg,5020
131/102,SAR,タロ SV7,131/102,12000,10/5,,4280,在庫あり (42枚),https://www.cardrush-pokemon.jp/data/cardrushpokemon/_/70726f647563742f50526530325f32362e6a7067003136300000660023666666666666.jpg,7720
129/101,SAR,スグリ SV6,129/101,12000,10/5,,3980,在庫あり (33枚),https://www.cardrush-pokemon.jp/data/cardrushpokemon/_/70726f647563742f5356362d352e6a7067003136300000660023666666666666.jpg,8020
130/101,SAR,ゼイユ,130/101,40000,10/5,,18800,在庫あり (19枚),https://www.cardrush-pokemon.jp/data/cardrushpokemon/_/70726f647563742f5356362d342e6a7067003136300000660023666666666666.jpg,21200
090/066,SAR,ゲッコウガex,090/066,32000,10/5,,42800,在庫あり (43枚),https://www.cardrush-pokemon.jp/data/cardrushpokemon/_/70726f647563742f737635615f372e6a7067003136300000660023666666666666.jpg,-10800
092/066,SAR,サザレ,092/066,12000,10/5,,10800,在庫あり (51枚),https://www.cardrush-pokemon.jp/data/cardrushpokemon/_/70726f647563742f737635615f352e6a7067003136300000660023666666666666.jpg,1200
078/066,AR,イーブイ,078/066,6500,10/5,,4980,在庫あり (48枚),https://www.cardrush-pokemon.jp/data/cardrushpokemon/_/70726f647563742f737635615f31392e6a7067003136300000660023666666666666.jpg,1520
097/071,SAR,ベルのまごころ,097/071,11000,10/5,,5280,在庫あり (56枚),https://www.cardrush-pokemon.jp/data/cardrushpokemon/_/70726f647563742f43525356354d5f32362e6a7067003136300000660023666666666666.jpg,5720
094/071,SAR,ウネルミナモex,094/071,7000,10/5,,3980,在庫あり (79枚),https://www.cardrush-pokemon.jp/data/cardrushpokemon/_/70726f647563742f50526530315f362e6a7067003136300000660023666666666666.jpg,3020
095/071,SAR,タケルライコex SV5K,095/071,7500,10/5,,4780,在庫あり (35枚),https://www.cardrush-pokemon.jp/data/cardrushpokemon/_/70726f647563742f50526530315f352e6a7067003136300000660023666666666666.jpg,2720
097/071,SAR,マツバの確信,097/071,11000,10/5,,7480,在庫あり (60枚),https://www.cardrush-pokemon.jp/data/cardrushpokemon/_/70726f647563742f43525356354b5f32362e6a7067003136300000660023666666666666.jpg,3520
088/071,SR,ゲンガーex,088/071,10000,10/5,,5480,在庫あり (84枚),https://www.cardrush-pokemon.jp/data/cardrushpokemon/_/70726f647563742f43525356354b5f31372e6a7067003136300000660023666666666666.jpg,4520
080/071,AR,ゴース,080/071,8500,10/5,,3980,在庫なし,https://www.cardrush-pokemon.jp/data/cardrushpokemon/_/70726f647563742f43525356354b5f392e6a70670031363000534f4c44204f555400660023666666666666.jpg,4520
347/190,SAR,ミュウex SV4a,347/190,70000,10/5,,74800,在庫あり (32枚),https://www.cardrush-pokemon.jp/data/cardrushpokemon/_/70726f647563742f505341525f3233313133305f382e6a7067003136300000660023666666666666.jpg,-4800
348/190,SAR,サーナイトex SV4a,348/190,18000,10/5,,13800,在庫あり (28枚),https://www.cardrush-pokemon.jp/data/cardrushpokemon/_/70726f647563742f505341525f3233313133305f372e6a7067003136300000660023666666666666.jpg,4200
349/190,SAR,リザードンex（悪テラスタル） SV4a,349/190,34000,10/5,,32800,在庫あり (54枚),https://www.cardrush-pokemon.jp/data/cardrushpokemon/_/70726f647563742f505341525f3233313133305f362e6a7067003136300000660023666666666666.jpg,1200
350/190,SAR,ナンジャモ SV4a,350/190,12000,10/5,,7980,在庫あり (66枚),https://www.cardrush-pokemon.jp/data/cardrushpokemon/_/70726f647563742f505341525f3233313133305f352e6a7067003136300000660023666666666666.jpg,4020
354/190,SAR,ボタン SV4a,354/190,6000,10/5,,2980,在庫あり (37枚),https://www.cardrush-pokemon.jp/data/cardrushpokemon/_/70726f647563742f505341525f3233313133305f312e6a7067003136300000660023666666666666.jpg,3020
341/190,AR,ミミッキュ,341/190,6000,10/5,,2980,在庫あり (15枚),https://www.cardrush-pokemon.jp/data/cardrushpokemon/_/70726f647563742f5041525f3233313133305f312e6a7067003136300000660023666666666666.jpg,3020
236/190,S,ピカチュウ,236/190,10000,10/5,,6480,在庫あり (185枚),https://www.cardrush-pokemon.jp/data/cardrushpokemon/_/70726f647563742f5053315f3233313133305f35352e6a7067003136300000660023666666666666.jpg,3520
090/066,SAR,チルタリスex,090/066,8000,10/5,,8480,在庫あり (50枚),https://www.cardrush-pokemon.jp/data/cardrushpokemon/_/70726f647563742f7376346d365f32342e6a7067003136300000660023666666666666.jpg,-480
085/062,SAR,ガブリアスex,085/062,8000,10/5,,4980,在庫あり (52枚),https://www.cardrush-pokemon.jp/data/cardrushpokemon/_/70726f647563742f4352535633615f382e6a7067003136300000660023666666666666.jpg,3020
087/062,SAR,サーフゴーex,087/062,12000,10/5,,4480,在庫あり (47枚),https://www.cardrush-pokemon.jp/data/cardrushpokemon/_/70726f647563742f4352535633615f362e6a7067003136300000660023666666666666.jpg,7520
089/062,SAR,パラソルおねえさん,089/062,15000,10/5,,6980,在庫あり (45枚),https://www.cardrush-pokemon.jp/data/cardrushpokemon/_/70726f647563742f4352535633615f342e6a7067003136300000660023666666666666.jpg,8020
139/108,UR,リザードンex（悪テラスタル）,139/108,13000,10/5,,13800,在庫あり (93枚),https://www.cardrush-pokemon.jp/data/cardrushpokemon/_/70726f647563742f43525356335f33312e6a7067003136300000660023666666666666.jpg,-800
134/108,SAR,リザードンex（悪テラスタル）SV3a,134/108,40000,10/5,,44800,在庫あり (49枚),https://www.cardrush-pokemon.jp/data/cardrushpokemon/_/70726f647563742f43525356335f32362e6a7067003136300000660023666666666666.jpg,-4800
208/165,UR,ミュウex,208/165,10000,10/5,,11800,在庫あり (136枚),https://www.cardrush-pokemon.jp/data/cardrushpokemon/_/70726f647563742f4352535632415f322e6a7067003136300000660023666666666666.jpg,-1800
200/165,SAR,フシギバナex,200/165,14000,10/5,,19800,在庫あり (49枚),https://www.cardrush-pokemon.jp/data/cardrushpokemon/_/70726f647563742f4352535632415f31302e6a7067003136300000660023666666666666.jpg,-5800
201/165,SAR,リザードンex SV2a,201/165,52000,10/5,,62800,在庫あり (62枚),https://www.cardrush-pokemon.jp/data/cardrushpokemon/_/70726f647563742f4352535632415f392e6a7067003136300000660023666666666666.jpg,-10800
202/165,SAR,カメックスex,202/165,17000,10/5,,19800,在庫あり (56枚),https://www.cardrush-pokemon.jp/data/cardrushpokemon/_/70726f647563742f4352535632415f382e6a7067003136300000660023666666666666.jpg,-2800
203/165,SAR,フーディンex,203/165,12000,10/5,,8980,在庫あり (56枚),https://www.cardrush-pokemon.jp/data/cardrushpokemon/_/70726f647563742f4352535632415f372e6a7067003136300000660023666666666666.jpg,3020
204/165,SAR,サンダーex,204/165,14000,10/5,,16800,在庫あり (40枚),https://www.cardrush-pokemon.jp/data/cardrushpokemon/_/70726f647563742f4352535632415f362e6a7067003136300000660023666666666666.jpg,-2800
205/165,SAR,ミュウexSV2a,205/165,38000,10/5,,39800,在庫あり (46枚),https://www.cardrush-pokemon.jp/data/cardrushpokemon/_/70726f647563742f4352535632415f352e6a7067003136300000660023666666666666.jpg,-1800
206/165,SAR,エリカの招待,206/165,13000,10/5,,7480,在庫あり (63枚),https://www.cardrush-pokemon.jp/data/cardrushpokemon/_/70726f647563742f4352535632415f342e6a7067003136300000660023666666666666.jpg,5520
196/165,SR,エリカの招待,196/165,6000,10/5,,3480,在庫あり (3枚),https://www.cardrush-pokemon.jp/data/cardrushpokemon/_/70726f647563742f4352535632415f31342e6a7067003136300000660023666666666666.jpg,2520
173/165,AR,ピカチュウ,173/165,6500,10/5,,4980,在庫あり (254枚),https://www.cardrush-pokemon.jp/data/cardrushpokemon/_/70726f647563742f4352535632415f33372e6a7067003136300000660023666666666666.jpg,1520
025/165,マスボ,ピカチュウ,025/165,48000,10/5,,69800,在庫あり (15枚),https://www.cardrush-pokemon.jp/data/cardrushpokemon/_/70726f647563742f32303235303631325f3065633235652e6a7067003136300000660023666666666666.jpg,-21800
094/165,マスボ,ゲンガー,094/165,100000,10/5,,99800,在庫なし,https://www.cardrush-pokemon.jp/data/cardrushpokemon/_/70726f647563742f535632615f6d61737465725f5f31342e6a70670031363000534f4c44204f555400660023666666666666.jpg,200
092/071,SAR,イーユイex,092/071,8000,10/5,,4480,在庫あり (34枚),https://www.cardrush-pokemon.jp/data/cardrushpokemon/_/70726f647563742f43525f505f53563244505f372e6a7067003136300000660023666666666666.jpg,3520
093/071,SAR,デカヌチャンex,093/071,7000,10/5,,4480,在庫あり (39枚),https://www.cardrush-pokemon.jp/data/cardrushpokemon/_/70726f647563742f43525f505f53563244505f362e6a7067003136300000660023666666666666.jpg,2520
096/071,SAR,ナンジャモ SV2D,096/071,42000,10/5,,39800,在庫あり (38枚),https://www.cardrush-pokemon.jp/data/cardrushpokemon/_/70726f647563742f43525f505f53563244505f332e6a7067003136300000660023666666666666.jpg,2200
091/071,SR,ナンジャモ,091/071,9000,10/5,,4980,在庫あり (87枚),https://www.cardrush-pokemon.jp/data/cardrushpokemon/_/70726f647563742f43525f505f53563244505f382e6a7067003136300000660023666666666666.jpg,4020
095/071,SAR,グルーシャ,095/071,8000,10/5,,3280,在庫あり (41枚),https://www.cardrush-pokemon.jp/data/cardrushpokemon/_/70726f647563742f43525f505f53563244505f33322e6a7067003136300000660023666666666666.jpg,4720
096/073,SAR,マスカーニャex,096/073,7000,10/5,,9480,在庫あり (30枚),https://www.cardrush-pokemon.jp/data/cardrushpokemon/_/70726f647563742f4352535631615f5341525f342e6a7067003136300000660023666666666666.jpg,-2480
099/073,SAR,キハダ,099/073,8500,10/5,,8480,在庫あり (41枚),https://www.cardrush-pokemon.jp/data/cardrushpokemon/_/70726f647563742f4352535631615f5341525f312e6a7067003136300000660023666666666666.jpg,20
080/073,AR,コイキング,080/073,20000,10/5,,21800,在庫あり (132枚),https://www.cardrush-pokemon.jp/data/cardrushpokemon/_/70726f647563742f4352535631615f41525f362e6a7067003136300000660023666666666666.jpg,-1800
105/078,SAR,ミモザ,105/078,20000,10/5,,9480,在庫あり (52枚),https://www.cardrush-pokemon.jp/data/cardrushpokemon/_/70726f647563742f535631565f5341525f302e6a7067003136300000660023666666666666.jpg,10520
100/078,SR,ミモザ,100/078,9000,10/5,,3180,在庫あり (65枚),https://www.cardrush-pokemon.jp/data/cardrushpokemon/_/70726f647563742f535631565f53525f302e6a7067003136300000660023666666666666.jpg,5820
101/078,SAR,サーナイトex SV1S,101/078,26000,10/5,,25800,在庫あり (38枚),https://www.cardrush-pokemon.jp/data/cardrushpokemon/_/70726f647563742f535631535f5341525f342e6a7067003136300000660023666666666666.jpg,200
103/078,SAR,コライドンex,103/078,7500,10/5,,5980,在庫あり (61枚),https://www.cardrush-pokemon.jp/data/cardrushpokemon/_/70726f647563742f535631535f5341525f322e6a7067003136300000660023666666666666.jpg,1520
048/SV-P,P,ミライドン,048/SV-P,13000,10/5,,23800,在庫あり (21枚),https://www.cardrush-pokemon.jp/data/cardrushpokemon/_/70726f647563742f30343853562d502e6a7067003136300000660023666666666666.jpg,-10800
049/SV-P,P,コライドン,049/SV-P,10000,10/5,,10800,在庫あり (18枚),https://www.cardrush-pokemon.jp/data/cardrushpokemon/_/70726f647563742f30343953562d502e6a7067003136300000660023666666666666.jpg,-800
062/SV-P,P,イーブイ,062/SV-P,17000,10/5,,12800,在庫あり (127枚),https://www.cardrush-pokemon.jp/data/cardrushpokemon/_/70726f647563742f3036325f6569657675695f43522e6a7067003136300000660023666666666666.jpg,4200
063/SV-P,P,シャワーズ,063/SV-P,20000,10/5,,8980,在庫あり (119枚),https://www.cardrush-pokemon.jp/data/cardrushpokemon/_/70726f647563742f3036335f73686f776572735f43522e6a7067003136300000660023666666666666.jpg,11020
064/SV-P,P,サンダース,064/SV-P,16000,10/5,,8480,在庫あり (152枚),https://www.cardrush-pokemon.jp/data/cardrushpokemon/_/70726f647563742f3036345f7468756e646572735f43522e6a7067003136300000660023666666666666.jpg,7520
065/SV-P,P,ブースター,065/SV-P,16000,10/5,,9480,在庫あり (115枚),https://www.cardrush-pokemon.jp/data/cardrushpokemon/_/70726f647563742f3036355f626f6f737465725f43522e6a7067003136300000660023666666666666.jpg,6520
066/SV-P,P,エーフィ,066/SV-P,16000,10/5,,9480,在庫あり (56枚),https://www.cardrush-pokemon.jp/data/cardrushpokemon/_/70726f647563742f3036365f65696669655f43522e6a7067003136300000660023666666666666.jpg,6520
067/SV-P,P,ブラッキー,067/SV-P,33000,10/5,,21800,在庫あり (31枚),https://www.cardrush-pokemon.jp/data/cardrushpokemon/_/70726f647563742f3036375f626c61636b795f43522e6a7067003136300000660023666666666666.jpg,11200
068/SV-P,P,リーフィア,068/SV-P,16000,10/5,,9480,在庫あり (90枚),https://www.cardrush-pokemon.jp/data/cardrushpokemon/_/70726f647563742f3036385f6c65616669615f43522e6a7067003136300000660023666666666666.jpg,6520
069/SV-P,P,グレイシア,069/SV-P,16000,10/5,,9480,在庫あり (73枚),https://www.cardrush-pokemon.jp/data/cardrushpokemon/_/70726f647563742f3036395f676c616369615f43522e6a7067003136300000660023666666666666.jpg,6520
070/SV-P,P,ニンフィア,070/SV-P,16000,10/5,,9480,在庫あり (59枚),https://www.cardrush-pokemon.jp/data/cardrushpokemon/_/70726f647563742f3037305f6e796d706869615f43522e6a7067003136300000660023666666666666.jpg,6520
098/SV-P,P,名探偵ピカチュウ,098/SV-P,32000,10/5,,34800,在庫あり (13枚),https://www.cardrush-pokemon.jp/data/cardrushpokemon/_/70726f647563742f32303233313030365f3365663463312e6a7067003136300000660023666666666666.jpg,-2800
192/SV-P,P,ニャース,192/SV-P,9000,10/5,,12800,在庫あり (1枚),https://www.cardrush-pokemon.jp/data/cardrushpokemon/_/70726f647563742f32303234313131355f6336663963342e6a7067003136300000660023666666666666.jpg,-3800
218/SV-P,P,ピカチュウ,218/SV-P,10000,10/5,,7980,在庫あり (233枚),https://www.cardrush-pokemon.jp/data/cardrushpokemon/_/70726f647563742f6d657373616765496d6167655f313732323135373930373435355f302e6a7067003136300000660023666666666666.jpg,2020
260/SV-P,P,トウホクのピカチュウ,260/SV-P,20000,10/5,,12800,在庫あり (9枚),https://www.cardrush-pokemon.jp/data/cardrushpokemon/_/70726f647563742f32303235303830395f3031306536662e6a7067003136300000660023666666666666.jpg,7200
261/SV-P,P,ヒロシマのピカチュウ,261/SV-P,18000,10/5,,15800,在庫あり (1枚),https://www.cardrush-pokemon.jp/data/cardrushpokemon/_/70726f647563742f32303235303830395f6366313733642e6a7067003136300000660023666666666666.jpg,2200
288/SV-P,P,ビクティニ(争奪戦プロモ),288/SV-P,150000,10/5,,118000,在庫あり (1枚),https://www.cardrush-pokemon.jp/data/cardrushpokemon/_/70726f647563742f43525f53565032353036313431372e6a7067003136300000660023666666666666.jpg,32000
289/SV-P,P,フクオカのピカチュウ,289/SV-P,15000,10/5,,13800,在庫あり (14枚),https://www.cardrush-pokemon.jp/data/cardrushpokemon/_/70726f647563742f32303235303830395f3264616466642e6a7067003136300000660023666666666666.jpg,1200
003/032,P,リザードン(クラシック版),003/032,34000,10/5,,37800,在庫あり (63枚),https://www.cardrush-pokemon.jp/data/cardrushpokemon/_/70726f647563742f435250434c4c2d3030332e6a7067003136300000660023666666666666.jpg,-3800
003/032,P,フシギバナ(クラシック版),003/032,7000,10/5,,4280,在庫あり (91枚),https://www.cardrush-pokemon.jp/data/cardrushpokemon/_/70726f647563742f435250434c462d3030332e6a7067003136300000660023666666666666.jpg,2720
003/032,P,カメックス(クラシック版),003/032,7500,10/5,,5480,在庫あり (63枚),https://www.cardrush-pokemon.jp/data/cardrushpokemon/_/70726f647563742f435250434c4b2d3030332e6a7067003136300000660023666666666666.jpg,2020
008/032,P,ピカチュウ(クラシック版),008/032,11000,10/5,,15800,在庫あり (110枚),https://www.cardrush-pokemon.jp/data/cardrushpokemon/_/70726f647563742f435250434c4c2d3030382e6a7067003136300000660023666666666666.jpg,-4800
050/049,P,フシギダネ,050/049,11000,10/5,,11800,在庫あり (36枚),https://www.cardrush-pokemon.jp/data/cardrushpokemon/_/70726f647563742f353072757368705356473035303034392e6a7067003136300000660023666666666666.jpg,-800
051/049,P,ヒトカゲ,051/049,20000,10/5,,19800,在庫あり (35枚),https://www.cardrush-pokemon.jp/data/cardrushpokemon/_/70726f647563742f353172757368705356473035313034392e6a7067003136300000660023666666666666.jpg,200
052/049,P,ゼニガメ,052/049,16000,10/5,,14800,在庫あり (44枚),https://www.cardrush-pokemon.jp/data/cardrushpokemon/_/70726f647563742f353272757368705356473035323034392e6a7067003136300000660023666666666666.jpg,1200
001/030,P,ピカチュウex,001/030,46000,10/5,,54800,在庫あり (18枚),https://www.cardrush-pokemon.jp/data/cardrushpokemon/_/70726f647563742f31727573687057435332333030313033302e6a7067003136300000660023666666666666.jpg,-8800
259/172,UR,オリジンパルキアVSTAR,259/172,12000,10/5,,9480,在庫あり (63枚),https://www.cardrush-pokemon.jp/data/cardrushpokemon/_/70726f647563742f43525f533132615f332e6a7067003136300000660023666666666666.jpg,2520
260/172,UR,オリジンディアルガVSTAR,260/172,13000,10/5,,9480,在庫あり (50枚),https://www.cardrush-pokemon.jp/data/cardrushpokemon/_/70726f647563742f43525f533132615f322e6a7067003136300000660023666666666666.jpg,3520
261/172,UR,ギラティナVSTAR,261/172,25000,10/5,,27800,在庫あり (38枚),https://www.cardrush-pokemon.jp/data/cardrushpokemon/_/70726f647563742f43525f533132615f312e6a7067003136300000660023666666666666.jpg,-2800
262/172,UR,アルセウスVSTAR,262/172,16000,10/5,,15800,在庫あり (29枚),https://www.cardrush-pokemon.jp/data/cardrushpokemon/_/70726f647563742f43525f533132615f302e6a7067003136300000660023666666666666.jpg,200
183/172,AR,ミュウ,183/172,9000,10/5,,5480,在庫あり (161枚),https://www.cardrush-pokemon.jp/data/cardrushpokemon/_/70726f647563742f43525f533132615f37392e6a7067003136300000660023666666666666.jpg,3520
205/172,AR,ピカチュウ,205/172,42000,10/5,,44800,在庫あり (55枚),https://www.cardrush-pokemon.jp/data/cardrushpokemon/_/70726f647563742f43525f533132615f35372e6a7067003136300000660023666666666666.jpg,-2800
210/172,SAR,リーフィアVSTAR,210/172,7000,10/5,,5980,在庫あり (221枚),https://www.cardrush-pokemon.jp/data/cardrushpokemon/_/70726f647563742f43525f533132615f35322e6a7067003136300000660023666666666666.jpg,1020
211/172,SAR,リザードンV,211/172,10000,10/5,,6480,在庫あり (176枚),https://www.cardrush-pokemon.jp/data/cardrushpokemon/_/70726f647563742f43525f533132615f35312e6a7067003136300000660023666666666666.jpg,3520
212/172,SAR,リザードンVSTAR,212/172,18000,10/5,,10800,在庫あり (46枚),https://www.cardrush-pokemon.jp/data/cardrushpokemon/_/70726f647563742f43525f533132615f35302e6a7067003136300000660023666666666666.jpg,7200
213/172,SAR,エンテイV,213/172,6000,10/5,,3780,在庫あり (46枚),https://www.cardrush-pokemon.jp/data/cardrushpokemon/_/70726f647563742f43525f533132615f34392e6a7067003136300000660023666666666666.jpg,2220
214/172,SAR,バオッキーVSTAR,214/172,9000,10/5,,4280,在庫あり (16枚),https://www.cardrush-pokemon.jp/data/cardrushpokemon/_/70726f647563742f43525f533132615f34382e6a7067003136300000660023666666666666.jpg,4720
215/172,SAR,スイクンV,215/172,7500,10/5,,4480,在庫あり (54枚),https://www.cardrush-pokemon.jp/data/cardrushpokemon/_/70726f647563742f43525f533132615f34372e6a7067003136300000660023666666666666.jpg,3020
217/172,SAR,グレイシアVSTAR,217/172,7000,10/5,,4980,在庫あり (189枚),https://www.cardrush-pokemon.jp/data/cardrushpokemon/_/70726f647563742f43525f533132615f34352e6a7067003136300000660023666666666666.jpg,2020
218/172,SAR,ライコウV,218/172,6000,10/5,,4480,在庫あり (229枚),https://www.cardrush-pokemon.jp/data/cardrushpokemon/_/70726f647563742f43525f533132615f34342e6a7067003136300000660023666666666666.jpg,1520
221/172,SAR,ミュウツーVSTAR,221/172,13000,10/5,,12800,在庫あり (62枚),https://www.cardrush-pokemon.jp/data/cardrushpokemon/_/70726f647563742f43525f533132615f34312e6a7067003136300000660023666666666666.jpg,200
226/172,SAR,ルカリオVSTAR,226/172,7500,10/5,,3280,在庫あり (157枚),https://www.cardrush-pokemon.jp/data/cardrushpokemon/_/70726f647563742f43525f533132615f33362e6a7067003136300000660023666666666666.jpg,4220
228/172,SAR,ダークライVSTAR,228/172,7000,10/5,,5980,在庫あり (248枚),https://www.cardrush-pokemon.jp/data/cardrushpokemon/_/70726f647563742f43525f533132615f33342e6a7067003136300000660023666666666666.jpg,1020
234/172,SAR,ヒスイゾロアークVSTAR,234/172,7500,10/5,,3280,在庫あり (54枚),https://www.cardrush-pokemon.jp/data/cardrushpokemon/_/70726f647563742f43525f533132615f342e6a7067003136300000660023666666666666.jpg,4220
236/172,SAR,カイ,236/172,6000,10/5,,3780,在庫あり (9枚),https://www.cardrush-pokemon.jp/data/cardrushpokemon/_/70726f647563742f43525f533132615f32372e6a7067003136300000660023666666666666.jpg,2220
239/172,SAR,シロナの覇気,239/172,11000,10/5,,4480,在庫あり (43枚),https://www.cardrush-pokemon.jp/data/cardrushpokemon/_/70726f647563742f43525f533132615f32342e6a7067003136300000660023666666666666.jpg,6520
123/098,UR,ルギアVSTAR,123/098,5000,10/5,,5980,在庫あり (52枚),https://www.cardrush-pokemon.jp/data/cardrushpokemon/_/70726f647563742f7331325f322e6a7067003136300000660023666666666666.jpg,-980
118/098,HR,ルギアVSTAR,118/098,6000,10/5,,4980,在庫あり (16枚),https://www.cardrush-pokemon.jp/data/cardrushpokemon/_/70726f647563742f7331325f372e6a7067003136300000660023666666666666.jpg,1020
103/098,SR,アンノーンV(SA),103/098,6000,10/5,,3280,在庫あり (29枚),https://www.cardrush-pokemon.jp/data/cardrushpokemon/_/70726f647563742f7331325f32322e6a7067003136300000660023666666666666.jpg,2720
110/098,SR,ルギアV(SA),110/098,100000,10/5,,118000,在庫あり (21枚),https://www.cardrush-pokemon.jp/data/cardrushpokemon/_/70726f647563742f7331325f31352e6a7067003136300000660023666666666666.jpg,-18000
089/068,HR,セレナ,089/068,7000,10/5,,2580,在庫あり (20枚),https://www.cardrush-pokemon.jp/data/cardrushpokemon/_/70726f647563742f33353331302e6a7067003136300000660023666666666666.jpg,4420
081/068,SR,セレナ,081/068,9500,10/5,,8480,在庫あり (33枚),https://www.cardrush-pokemon.jp/data/cardrushpokemon/_/70726f647563742f33353330322e6a7067003136300000660023666666666666.jpg,1020
084/068,CSR,ジャローダV(SA),084/068,6000,10/5,,4980,在庫あり (11枚),https://www.cardrush-pokemon.jp/data/cardrushpokemon/_/70726f647563742f33353330352e6a7067003136300000660023666666666666.jpg,1020
125/100,UR,ギラティナVSTAR,125/100,5000,10/5,,8480,在庫あり (47枚),https://www.cardrush-pokemon.jp/data/cardrushpokemon/_/70726f647563742f5331312d3132352e6a7067003136300000660023666666666666.jpg,-3480
106/100,SR,プテラV(SA),106/100,14000,10/5,,16800,在庫あり (18枚),https://www.cardrush-pokemon.jp/data/cardrushpokemon/_/70726f647563742f5331312d3130362e6a7067003136300000660023666666666666.jpg,-2800
111/100,SR,ギラティナV(SA),111/100,160000,10/5,,178000,在庫なし,https://www.cardrush-pokemon.jp/data/cardrushpokemon/_/70726f647563742f5331312d3131312e6a70670031363000534f4c44204f555400660023666666666666.jpg,-18000
091/071,UR,ミュウツーVSTAR,091/071,5000,10/5,,6980,在庫あり (46枚),https://www.cardrush-pokemon.jp/data/cardrushpokemon/_/70726f647563742f535f5f36393732323835312e6a7067003136300000660023666666666666.jpg,-1980
084/071,HR,ミュウツーVSTAR,084/071,6000,10/5,,7980,在庫あり (37枚),https://www.cardrush-pokemon.jp/data/cardrushpokemon/_/70726f647563742f535f5f36393732323834342e6a7067003136300000660023666666666666.jpg,-1980
074/071,SR,ミュウツーV(SA),074/071,14000,10/5,,17800,在庫あり (65枚),https://www.cardrush-pokemon.jp/data/cardrushpokemon/_/70726f647563742f535f5f36393732323833332e6a7067003136300000660023666666666666.jpg,-3800
073/071,CHR,ピカチュウ,073/071,10000,10/5,,6980,在庫あり (552枚),https://www.cardrush-pokemon.jp/data/cardrushpokemon/_/70726f647563742f533130613037332d3037312e6a7067003136300000660023666666666666.jpg,3020
074/071,CHR,ゲンガー,074/071,8000,10/5,,4980,在庫あり (201枚),https://www.cardrush-pokemon.jp/data/cardrushpokemon/_/70726f647563742f533130613037342d3037312e6a7067003136300000660023666666666666.jpg,3020
073/067,SR,カイリキーV(SA),073/067,11000,10/5,,9480,在庫あり (19枚),https://www.cardrush-pokemon.jp/data/cardrushpokemon/_/70726f647563742f533130443037333036372e6a7067003136300000660023666666666666.jpg,1520
075/067,SR,オリジンディアルガV(SA),075/067,11000,10/5,,9980,在庫あり (40枚),https://www.cardrush-pokemon.jp/data/cardrushpokemon/_/70726f647563742f533130443037353036372e6a7067003136300000660023666666666666.jpg,1020
069/067,SR,スピアーV（SA）,069/067,8000,10/5,,5480,在庫あり (39枚),https://www.cardrush-pokemon.jp/data/cardrushpokemon/_/70726f647563742f533130503036393036372e6a7067003136300000660023666666666666.jpg,2520
071/067,SR,オリジンパルキアV(SA),071/067,11000,10/5,,9980,在庫あり (44枚),https://www.cardrush-pokemon.jp/data/cardrushpokemon/_/70726f647563742f533130503037313036372e6a7067003136300000660023666666666666.jpg,1020
077/067,SR,カイ,077/067,8500,10/5,,5480,在庫あり (46枚),https://www.cardrush-pokemon.jp/data/cardrushpokemon/_/70726f647563742f533130503037373036372e6a7067003136300000660023666666666666.jpg,3020
083/067,CSR,スターミーV(SA),083/067,24000,10/5,,15800,在庫あり (27枚),https://www.cardrush-pokemon.jp/data/cardrushpokemon/_/70726f647563742f5339613038333036372e6a7067003136300000660023666666666666.jpg,8200
084/067,CSR,ガブリアスV(SA),084/067,11000,10/5,,7480,在庫あり (40枚),https://www.cardrush-pokemon.jp/data/cardrushpokemon/_/70726f647563742f5339613038343036372e6a7067003136300000660023666666666666.jpg,3520
118/100,HR,リザードンVSTAR,118/100,13000,10/5,,14800,在庫あり (38枚),https://www.cardrush-pokemon.jp/data/cardrushpokemon/_/70726f647563742f73395f3232303131335f392e6a7067003136300000660023666666666666.jpg,-1800
102/100,SR,リザードンV,102/100,6000,10/5,,6480,在庫あり (54枚),https://www.cardrush-pokemon.jp/data/cardrushpokemon/_/70726f647563742f73395f3232303131335f32352e6a7067003136300000660023666666666666.jpg,-480
103/100,SR,リザードンV(SA),103/100,35000,10/5,,34800,在庫あり (35枚),https://www.cardrush-pokemon.jp/data/cardrushpokemon/_/70726f647563742f73395f3232303131335f32342e6a7067003136300000660023666666666666.jpg,200
112/100,SR,アルセウスＶ(SA),112/100,11000,10/5,,8980,在庫あり (39枚),https://www.cardrush-pokemon.jp/data/cardrushpokemon/_/70726f647563742f73395f3232303131335f31352e6a7067003136300000660023666666666666.jpg,2020
114/100,SR,シロナの覇気,114/100,7000,10/5,,2780,在庫あり (27枚),https://www.cardrush-pokemon.jp/data/cardrushpokemon/_/70726f647563742f73395f3232303131335f31332e6a7067003136300000660023666666666666.jpg,4220
415/414,SR,ピカチュウV,415/414,18000,10/5,,15800,在庫あり (47枚),https://www.cardrush-pokemon.jp/data/cardrushpokemon/_/70726f647563742f32303231313231365f3266643837642e6a7067003136300000660023666666666666.jpg,2200
419/414,SR,マリィのプライド,419/414,16000,10/5,,14800,在庫あり (13枚),https://www.cardrush-pokemon.jp/data/cardrushpokemon/_/70726f647563742f32303231313231365f6265336463652e6a7067003136300000660023666666666666.jpg,1200
279/184,UR,ピカチュウVMAX,279/184,19000,10/5,,24800,在庫あり (59枚),https://www.cardrush-pokemon.jp/data/cardrushpokemon/_/70726f647563742f535f5f36383234383334302e6a7067003136300000660023666666666666.jpg,-5800
280/184,UR,ミュウVMAX,280/184,14000,10/5,,21800,在庫あり (47枚),https://www.cardrush-pokemon.jp/data/cardrushpokemon/_/70726f647563742f535f5f36383234383334312e6a7067003136300000660023666666666666.jpg,-7800
284/184,UR,レックウザVMAX,284/184,15000,10/5,,14800,在庫あり (103枚),https://www.cardrush-pokemon.jp/data/cardrushpokemon/_/70726f647563742f535f5f36383234383334352e6a7067003136300000660023666666666666.jpg,200
222/184,CSR,ピカチュウ,222/184,20000,10/5,,17800,在庫あり (98枚),https://www.cardrush-pokemon.jp/data/cardrushpokemon/_/70726f647563742f535f5f36383234383335372e6a7067003136300000660023666666666666.jpg,2200
223/184,CSR,ピカチュウVMAX,223/184,25000,10/5,,22800,在庫あり (62枚),https://www.cardrush-pokemon.jp/data/cardrushpokemon/_/70726f647563742f535f5f36383234383335382e6a7067003136300000660023666666666666.jpg,2200
231/184,CSR,ニンフィアV,231/184,8500,10/5,,5980,在庫あり (90枚),https://www.cardrush-pokemon.jp/data/cardrushpokemon/_/70726f647563742f535f5f36383234383336342e6a7067003136300000660023666666666666.jpg,2520
232/184,CSR,ニンフィアVMAX,232/184,10000,10/5,,8980,在庫あり (61枚),https://www.cardrush-pokemon.jp/data/cardrushpokemon/_/70726f647563742f535f5f36383234383336352e6a7067003136300000660023666666666666.jpg,1020
233/184,CSR,ミミッキュV,233/184,14000,10/5,,5980,在庫あり (77枚),https://www.cardrush-pokemon.jp/data/cardrushpokemon/_/70726f647563742f535f5f36383234383336362e6a7067003136300000660023666666666666.jpg,8020
234/184,CSR,ミミッキュVMAX,234/184,14000,10/5,,8480,在庫あり (27枚),https://www.cardrush-pokemon.jp/data/cardrushpokemon/_/70726f647563742f535f5f36383234383336372e6a7067003136300000660023666666666666.jpg,5520
244/184,CSR,ブラッキーV,244/184,13000,10/5,,7980,在庫あり (67枚),https://www.cardrush-pokemon.jp/data/cardrushpokemon/_/70726f647563742f535f5f36383234383337382e6a7067003136300000660023666666666666.jpg,5020
245/184,CSR,ブラッキーVMAX,245/184,14000,10/5,,15800,在庫あり (44枚),https://www.cardrush-pokemon.jp/data/cardrushpokemon/_/70726f647563742f535f5f36383234383337392e6a7067003136300000660023666666666666.jpg,-1800
252/184,CSR,レックウザVMAX,252/184,15000,10/5,,21800,在庫あり (110枚),https://www.cardrush-pokemon.jp/data/cardrushpokemon/_/70726f647563742f535f5f36383234383338372e6a7067003136300000660023666666666666.jpg,-6800
255/184,SR,アセロラの予感,255/184,8000,10/5,,4980,在庫あり (88枚),https://www.cardrush-pokemon.jp/data/cardrushpokemon/_/70726f647563742f535f5f36383234383339302e6a7067003136300000660023666666666666.jpg,3020
276/184,SR,ユウリ,276/184,8500,10/5,,5980,在庫あり (50枚),https://www.cardrush-pokemon.jp/data/cardrushpokemon/_/70726f647563742f535f5f36383234383431332e6a7067003136300000660023666666666666.jpg,2520
277/184,SR,ルリナ,277/184,7000,10/5,,2180,在庫あり (34枚),https://www.cardrush-pokemon.jp/data/cardrushpokemon/_/70726f647563742f535f5f36383234383431342e6a7067003136300000660023666666666666.jpg,4820
187/184,CHR,リザードン,187/184,6000,10/5,,2780,在庫あり (212枚),https://www.cardrush-pokemon.jp/data/cardrushpokemon/_/70726f647563742f535f5f36383234383431382e6a7067003136300000660023666666666666.jpg,3220
189/184,CHR,シャワーズ,189/184,5000,10/5,,2280,在庫あり (42枚),https://www.cardrush-pokemon.jp/data/cardrushpokemon/_/70726f647563742f535f5f36383234383432302e6a7067003136300000660023666666666666.jpg,2720
193/184,CHR,サンダース,193/184,5000,10/5,,1980,在庫あり (58枚),https://www.cardrush-pokemon.jp/data/cardrushpokemon/_/70726f647563742f535f5f36383234383432342e6a7067003136300000660023666666666666.jpg,3020
195/184,CHR,ゼクロム,195/184,5000,10/5,,2180,在庫あり (186枚),https://www.cardrush-pokemon.jp/data/cardrushpokemon/_/70726f647563742f535f5f36383234383432362e6a7067003136300000660023666666666666.jpg,2820
001/025,P,リザードン,001/025,50000,10/5,,59800,在庫あり (64枚),https://www.cardrush-pokemon.jp/data/cardrushpokemon/_/70726f647563742f63725338615030312e6a7067003136300000660023666666666666.jpg,-9800
002/025,P,フシギバナ,002/025,10000,10/5,,6980,在庫あり (118枚),https://www.cardrush-pokemon.jp/data/cardrushpokemon/_/70726f647563742f63725338615030322e6a7067003136300000660023666666666666.jpg,3020
003/025,P,カメックス,003/025,13000,10/5,,8980,在庫あり (108枚),https://www.cardrush-pokemon.jp/data/cardrushpokemon/_/70726f647563742f63725338615030332e6a7067003136300000660023666666666666.jpg,4020
005/025,P,わるいギャラドス,005/025,9000,10/5,,7480,在庫あり (178枚),https://www.cardrush-pokemon.jp/data/cardrushpokemon/_/70726f647563742f63725338615030352e6a7067003136300000660023666666666666.jpg,1520
007/025,P,_のピカチュウ,007/025,50000,10/5,,49800,在庫あり (83枚),https://www.cardrush-pokemon.jp/data/cardrushpokemon/_/70726f647563742f63725338615030372e6a7067003136300000660023666666666666.jpg,200
010/025,P,ひかるコイキング,010/025,15000,10/5,,13800,在庫あり (118枚),https://www.cardrush-pokemon.jp/data/cardrushpokemon/_/70726f647563742f63725338615031302e6a7067003136300000660023666666666666.jpg,1200
012/025,P,ブラッキー スター,012/025,30000,10/5,,29800,在庫あり (61枚),https://www.cardrush-pokemon.jp/data/cardrushpokemon/_/70726f647563742f63725338615031322e6a7067003136300000660023666666666666.jpg,200
014/025,P,ミュウex,014/025,11000,10/5,,14800,在庫あり (160枚),https://www.cardrush-pokemon.jp/data/cardrushpokemon/_/70726f647563742f63725338615031342e6a7067003136300000660023666666666666.jpg,-3800
020/025,P,レシラム,020/025,11000,10/5,,7980,在庫あり (140枚),https://www.cardrush-pokemon.jp/data/cardrushpokemon/_/70726f647563742f63725338615032302e6a7067003136300000660023666666666666.jpg,3020
021/025,P,ゼクロム,021/025,11000,10/5,,7980,在庫あり (123枚),https://www.cardrush-pokemon.jp/data/cardrushpokemon/_/70726f647563742f63725338615032312e6a7067003136300000660023666666666666.jpg,3020
022/025,P,ミュウツーEX,022/025,6000,10/5,,9480,在庫あり (232枚),https://www.cardrush-pokemon.jp/data/cardrushpokemon/_/70726f647563742f63725338615032322e6a7067003136300000660023666666666666.jpg,-3480
024/025,P,MレックウザEX,024/025,13000,10/5,,19800,在庫あり (102枚),https://www.cardrush-pokemon.jp/data/cardrushpokemon/_/70726f647563742f63725338615032342e6a7067003136300000660023666666666666.jpg,-6800
030/028,UR,ミュウ,030/028,34000,10/5,,32800,在庫あり (71枚),https://www.cardrush-pokemon.jp/data/cardrushpokemon/_/70726f647563742f32303231313032315f3037326239382e6a7067003136300000660023666666666666.jpg,1200
001/028,–,ピカチュウ(25thミラー),001/028,6000,10/5,,1480,在庫あり (1枚),https://www.cardrush-pokemon.jp/data/cardrushpokemon/_/70726f647563742f3172757368705338613030313032382e6a7067003136300000660023666666666666.jpg,4520
002/028,–,ミュウ(25thミラー),002/028,4000,10/5,,680,在庫あり (1枚),https://www.cardrush-pokemon.jp/data/cardrushpokemon/_/70726f647563742f3272757368705338613030323032382e6a7067003136300000660023666666666666.jpg,3320
021/028,RR,なみのりピカチュウV(25th),021/028,6000,10/5,,2280,在庫あり (166枚),https://www.cardrush-pokemon.jp/data/cardrushpokemon/_/70726f647563742f323172757368705338613032313032382e6a7067003136300000660023666666666666.jpg,3720
022/028,RRR,なみのりピカチュウVMAX(25th),022/028,6000,10/5,,2780,在庫あり (344枚),https://www.cardrush-pokemon.jp/data/cardrushpokemon/_/70726f647563742f323272757368705338613032323032382e6a7067003136300000660023666666666666.jpg,3220
023/028,RR,そらをとぶピカチュウV(25th),023/028,4000,10/5,,2180,在庫あり (152枚),https://www.cardrush-pokemon.jp/data/cardrushpokemon/_/70726f647563742f323372757368705338613032333032382e6a7067003136300000660023666666666666.jpg,1820
024/028,RRR,そらをとぶピカチュウVMAX(25th),024/028,6000,10/5,,2780,在庫あり (406枚),https://www.cardrush-pokemon.jp/data/cardrushpokemon/_/70726f647563742f323472757368705338613032343032382e6a7067003136300000660023666666666666.jpg,3220
118/100,HR,ミュウVMAX,118/100,15000,10/5,,21800,在庫あり (24枚),https://www.cardrush-pokemon.jp/data/cardrushpokemon/_/70726f647563742f535f5f36373838373137332e6a7067003136300000660023666666666666.jpg,-6800
119/100,HR,ミュウVMAX(SA),119/100,110000,10/5,,158000,在庫あり (12枚),https://www.cardrush-pokemon.jp/data/cardrushpokemon/_/70726f647563742f535f5f36373838373137342e6a7067003136300000660023666666666666.jpg,-48000
105/100,SR,ミュウV,105/100,6000,10/5,,8480,在庫あり (71枚),https://www.cardrush-pokemon.jp/data/cardrushpokemon/_/70726f647563742f535f5f36373838373135392e6a7067003136300000660023666666666666.jpg,-2480
106/100,SR,ミュウV(SA),106/100,20000,10/5,,25800,在庫あり (33枚),https://www.cardrush-pokemon.jp/data/cardrushpokemon/_/70726f647563742f535f5f36373838373136302e6a7067003136300000660023666666666666.jpg,-5800
109/100,SR,ゲノセクトV(SA),109/100,5000,10/5,,2880,在庫あり (20枚),https://www.cardrush-pokemon.jp/data/cardrushpokemon/_/70726f647563742f535f5f36373838373136332e6a7067003136300000660023666666666666.jpg,2120
113/100,SR,カミツレのきらめき,113/100,6000,10/5,,2180,在庫あり (29枚),https://www.cardrush-pokemon.jp/data/cardrushpokemon/_/70726f647563742f535f5f36373838373136382e6a7067003136300000660023666666666666.jpg,3820
083/067,HR,ジュラルドンVMAX(SA),083/067,12000,10/5,,22800,在庫あり (14枚),https://www.cardrush-pokemon.jp/data/cardrushpokemon/_/70726f647563742f7337443031362e6a7067003136300000660023666666666666.jpg,-10800
074/067,SR,オンバーンV(SA),074/067,6000,10/5,,7980,在庫あり (4枚),https://www.cardrush-pokemon.jp/data/cardrushpokemon/_/70726f647563742f7337443030372e6a7067003136300000660023666666666666.jpg,-1980
081/067,HR,ギャラドスVMAX,081/067,7000,10/5,,5780,在庫あり (18枚),https://www.cardrush-pokemon.jp/data/cardrushpokemon/_/70726f647563742f7337523031342e6a7067003136300000660023666666666666.jpg,1220
082/067,HR,レックウザVMAX,082/067,26000,10/5,,52800,在庫あり (22枚),https://www.cardrush-pokemon.jp/data/cardrushpokemon/_/70726f647563742f7337523031352e6a7067003136300000660023666666666666.jpg,-26800
083/067,HR,レックウザVMAX(SA),083/067,450000,10/5,,698000,在庫なし,https://www.cardrush-pokemon.jp/data/cardrushpokemon/_/70726f647563742f7337523031362e6a70670031363000534f4c44204f555400660023666666666666.jpg,-248000
073/067,SR,カイリューV,073/067,6000,10/5,,3580,在庫あり (1枚),https://www.cardrush-pokemon.jp/data/cardrushpokemon/_/70726f647563742f7337523030362e6a7067003136300000660023666666666666.jpg,2420
074/067,SR,カイリューV(SA),074/067,80000,10/5,,69800,在庫あり (16枚),https://www.cardrush-pokemon.jp/data/cardrushpokemon/_/70726f647563742f7337523030372e6a7067003136300000660023666666666666.jpg,10200
075/067,SR,レックウザV,075/067,13000,10/5,,14800,在庫あり (31枚),https://www.cardrush-pokemon.jp/data/cardrushpokemon/_/70726f647563742f7337523030382e6a7067003136300000660023666666666666.jpg,-1800
076/067,SR,レックウザV(SA),076/067,100000,10/5,,118000,在庫あり (27枚),https://www.cardrush-pokemon.jp/data/cardrushpokemon/_/70726f647563742f7337523030392e6a7067003136300000660023666666666666.jpg,-18000
077/067,SR,サナ,077/067,8000,10/5,,7980,在庫あり (4枚),https://www.cardrush-pokemon.jp/data/cardrushpokemon/_/70726f647563742f7337523031302e6a7067003136300000660023666666666666.jpg,20
079/067,SR,ヒガナの決意,079/067,10000,10/5,,4980,在庫あり (36枚),https://www.cardrush-pokemon.jp/data/cardrushpokemon/_/70726f647563742f7337523031322e6a7067003136300000660023666666666666.jpg,5020
089/069,HR,リーフィアVMAX（SA),089/069,52000,10/5,,64800,在庫あり (17枚),https://www.cardrush-pokemon.jp/data/cardrushpokemon/_/70726f647563742f32303231303532375f3432313764322e6a7067003136300000660023666666666666.jpg,-12800
091/069,HR,グレイシアVMAX（SA),091/069,65000,10/5,,99800,在庫あり (5枚),https://www.cardrush-pokemon.jp/data/cardrushpokemon/_/70726f647563742f32303231303532375f3663303135662e6a7067003136300000660023666666666666.jpg,-34800
093/069,HR,ニンフィアVMAX（SA),093/069,120000,10/5,,148000,在庫あり (19枚),https://www.cardrush-pokemon.jp/data/cardrushpokemon/_/70726f647563742f32303231303532375f6463646365302e6a7067003136300000660023666666666666.jpg,-28000
095/069,HR,ブラッキーVMAX（SA),095/069,350000,10/5,,528000,在庫なし,https://www.cardrush-pokemon.jp/data/cardrushpokemon/_/70726f647563742f32303231303532375f3862393334312e6a70670031363000534f4c44204f555400660023666666666666.jpg,-178000
071/069,SR,リーフィアV（SA),071/069,18000,10/5,,21800,在庫あり (9枚),https://www.cardrush-pokemon.jp/data/cardrushpokemon/_/70726f647563742f32303231303532375f6231323664372e6a7067003136300000660023666666666666.jpg,-3800
073/069,SR,ブースターＶ（SA),073/069,18000,10/5,,21800,在庫あり (18枚),https://www.cardrush-pokemon.jp/data/cardrushpokemon/_/70726f647563742f32303231303532375f3637333837332e6a7067003136300000660023666666666666.jpg,-3800
075/069,SR,シャワーズV（SA),075/069,21000,10/5,,22800,在庫あり (28枚),https://www.cardrush-pokemon.jp/data/cardrushpokemon/_/70726f647563742f32303231303532375f6539386539392e6a7067003136300000660023666666666666.jpg,-1800
077/069,SR,グレイシアV（SA),077/069,20000,10/5,,15800,在庫あり (16枚),https://www.cardrush-pokemon.jp/data/cardrushpokemon/_/70726f647563742f32303231303532375f6538323536632e6a7067003136300000660023666666666666.jpg,4200
079/069,SR,サンダースV（SA),079/069,18000,10/5,,18800,在庫あり (26枚),https://www.cardrush-pokemon.jp/data/cardrushpokemon/_/70726f647563742f32303231303532375f3739383333652e6a7067003136300000660023666666666666.jpg,-800
081/069,SR,エーフィV(SA),081/069,26000,10/5,,25800,在庫あり (18枚),https://www.cardrush-pokemon.jp/data/cardrushpokemon/_/70726f647563742f32303231303532375f6165346265322e6a7067003136300000660023666666666666.jpg,200
082/069,SR,ニンフィアV,082/069,10000,10/5,,3280,在庫あり (35枚),https://www.cardrush-pokemon.jp/data/cardrushpokemon/_/70726f647563742f32303231303532375f6533353334612e6a7067003136300000660023666666666666.jpg,6720
083/069,SR,ニンフィアV(SA),083/069,25000,10/5,,24800,在庫あり (24枚),https://www.cardrush-pokemon.jp/data/cardrushpokemon/_/70726f647563742f32303231303532375f3337663337302e6a7067003136300000660023666666666666.jpg,200
084/069,SR,ブラッキーV,084/069,11000,10/5,,9480,在庫あり (42枚),https://www.cardrush-pokemon.jp/data/cardrushpokemon/_/70726f647563742f32303231303532375f3761343838392e6a7067003136300000660023666666666666.jpg,1520
085/069,SR,ブラッキーV（SA),085/069,48000,10/5,,64800,在庫あり (26枚),https://www.cardrush-pokemon.jp/data/cardrushpokemon/_/70726f647563742f32303231303532375f3631383834362e6a7067003136300000660023666666666666.jpg,-16800
086/070,HR,こくばバドレックスVMAX（SA),086/070,50000,10/5,,74800,在庫あり (5枚),https://www.cardrush-pokemon.jp/data/cardrushpokemon/_/70726f647563742f73364b3031362e6a7067003136300000660023666666666666.jpg,-24800
074/070,SR,ゼラオラV(SA),074/070,15000,10/5,,15800,在庫あり (23枚),https://www.cardrush-pokemon.jp/data/cardrushpokemon/_/70726f647563742f73364b3030342e6a7067003136300000660023666666666666.jpg,-800
079/070,SR,ハピナスV(SA),079/070,8000,10/5,,4780,在庫あり (11枚),https://www.cardrush-pokemon.jp/data/cardrushpokemon/_/70726f647563742f73364b3030392e6a7067003136300000660023666666666666.jpg,3220
085/070,HR,はくばバドレックスVMAX(SA),085/070,40000,10/5,,59800,在庫あり (6枚),https://www.cardrush-pokemon.jp/data/cardrushpokemon/_/70726f647563742f7336483031352e6a7067003136300000660023666666666666.jpg,-19800
093/070,UR,カビゴン,093/070,26000,10/5,,25800,在庫あり (2枚),https://www.cardrush-pokemon.jp/data/cardrushpokemon/_/70726f647563742f72757368705335613039333037302e6a7067003136300000660023666666666666.jpg,200
086/070,HR,バシャーモVMAX(SA),086/070,75000,10/5,,108000,在庫あり (4枚),https://www.cardrush-pokemon.jp/data/cardrushpokemon/_/70726f647563742f72757368705335613038363037302e6a7067003136300000660023666666666666.jpg,-33000
074/070,SR,ガラルフリーザーV(SA),074/070,8500,10/5,,8780,在庫あり (17枚),https://www.cardrush-pokemon.jp/data/cardrushpokemon/_/70726f647563742f72757368705335613037343037302e6a7067003136300000660023666666666666.jpg,-280
076/070,SR,ガラルサンダーV(SA),076/070,8500,10/5,,8480,在庫あり (23枚),https://www.cardrush-pokemon.jp/data/cardrushpokemon/_/70726f647563742f72757368705335613037363037302e6a7067003136300000660023666666666666.jpg,20
078/070,SR,ガラルファイヤーV(SA),078/070,42000,10/5,,52800,在庫あり (13枚),https://www.cardrush-pokemon.jp/data/cardrushpokemon/_/70726f647563742f72757368705335613037383037302e6a7067003136300000660023666666666666.jpg,-10800
080/070,SR,ガラルヤドキングV(SA),080/070,16000,10/5,,18800,在庫あり (1枚),https://www.cardrush-pokemon.jp/data/cardrushpokemon/_/70726f647563742f72757368705335613038303037302e6a7067003136300000660023666666666666.jpg,-2800
082/070,SR,クララ,082/070,11000,10/5,,9980,在庫あり (27枚),https://www.cardrush-pokemon.jp/data/cardrushpokemon/_/70726f647563742f72757368705335613038323037302e6a7067003136300000660023666666666666.jpg,1020
084/070,HR,れんげきウーラオスVMAX(SA),084/070,70000,10/5,,84800,在庫あり (5枚),https://www.cardrush-pokemon.jp/data/cardrushpokemon/_/70726f647563742f7335522d53525f3231303132315f31332e6a7067003136300000660023666666666666.jpg,-14800
074/070,SR,エンペルトV(SA),074/070,13000,10/5,,15800,在庫あり (15枚),https://www.cardrush-pokemon.jp/data/cardrushpokemon/_/70726f647563742f7335522d53525f3231303132315f332e6a7067003136300000660023666666666666.jpg,-2800
079/070,SR,コルニの気合い,079/070,12000,10/5,,3980,在庫あり (21枚),https://www.cardrush-pokemon.jp/data/cardrushpokemon/_/70726f647563742f32303231303132325f6530326431372e6a7067003136300000660023666666666666.jpg,8020
081/070,SR,モミ,081/070,6500,10/5,,3280,在庫あり (75枚),https://www.cardrush-pokemon.jp/data/cardrushpokemon/_/70726f647563742f7335522d53525f3231303132315f31302e6a7067003136300000660023666666666666.jpg,3220
085/070,HR,いちげきウーラオスVMAX(SA),085/070,42000,10/5,,54800,在庫あり (8枚),https://www.cardrush-pokemon.jp/data/cardrushpokemon/_/70726f647563742f7335492d53525f3231303132315f31342e6a7067003136300000660023666666666666.jpg,-12800
073/070,SR,ミミッキュV,073/070,12000,10/5,,3280,在庫なし,https://www.cardrush-pokemon.jp/data/cardrushpokemon/_/70726f647563742f7335492d53525f3231303132315f322e6a70670031363000534f4c44204f555400660023666666666666.jpg,8720
075/070,SR,いちげきウーラオスV(SA),075/070,8000,10/5,,5980,在庫あり (22枚),https://www.cardrush-pokemon.jp/data/cardrushpokemon/_/70726f647563742f7335492d53525f3231303132315f342e6a7067003136300000660023666666666666.jpg,2020
077/070,SR,バンギラスV(SA),077/070,65000,10/5,,44800,在庫あり (21枚),https://www.cardrush-pokemon.jp/data/cardrushpokemon/_/70726f647563742f7335492d53525f3231303132315f362e6a7067003136300000660023666666666666.jpg,20200
327/190,UR,ムゲンダイナV,327/190,8000,10/5,,1580,在庫あり (2枚),https://www.cardrush-pokemon.jp/data/cardrushpokemon/_/70726f647563742f534853545653303332372e6a7067003136300000660023666666666666.jpg,6420
307/190,SSR,リザードンV,307/190,18000,10/5,,14800,在庫あり (24枚),https://www.cardrush-pokemon.jp/data/cardrushpokemon/_/70726f647563742f534853545653303330372e6a7067003136300000660023666666666666.jpg,3200
308/190,SSR,リザードンVMAX,308/190,22000,10/5,,21800,在庫あり (38枚),https://www.cardrush-pokemon.jp/data/cardrushpokemon/_/70726f647563742f534853545653303330382e6a7067003136300000660023666666666666.jpg,200
323/190,SSR,メタモンV,323/190,6000,10/5,,2180,在庫あり (29枚),https://www.cardrush-pokemon.jp/data/cardrushpokemon/_/70726f647563742f534853545653303332332e6a7067003136300000660023666666666666.jpg,3820
197/190,SR,ポケモンごっこ,197/190,8000,10/5,,2580,在庫あり (43枚),https://www.cardrush-pokemon.jp/data/cardrushpokemon/_/70726f647563742f534853545653303139372e6a7067003136300000660023666666666666.jpg,5420
198/190,SR,マリィ,198/190,15000,10/5,,0,在庫なし,https://www.cardrush-pokemon.jp/data/cardrushpokemon/_/0031363000534f4c44204f555400660023666666666666.jpg,
114/100,HR,ピカチュウVMAX,114/100,55000,10/5,,29800,在庫なし,https://www.cardrush-pokemon.jp/data/cardrushpokemon/_/70726f647563742f32303232303130345f3631633439342e6a70670031363000534f4c44204f555400660023666666666666.jpg,25200
104/100,SR,ピカチュウV,104/100,30000,10/5,,27800,在庫あり (46枚),https://www.cardrush-pokemon.jp/data/cardrushpokemon/_/70726f647563742f53503130342e6a7067003136300000660023666666666666.jpg,2200
109/100,SR,サイトウ,109/100,7000,10/5,,3980,在庫あり (22枚),https://www.cardrush-pokemon.jp/data/cardrushpokemon/_/70726f647563742f53503130392e6a7067003136300000660023666666666666.jpg,3020
050/076,A,ジラーチ,050/076,8000,10/5,,5480,在庫あり (39枚),https://www.cardrush-pokemon.jp/data/cardrushpokemon/_/70726f647563742f7333613035302e6a7067003136300000660023666666666666.jpg,2520
056/076,A,レックウザ,056/076,13000,10/5,,19800,在庫あり (57枚),https://www.cardrush-pokemon.jp/data/cardrushpokemon/_/70726f647563742f7333613035362e6a7067003136300000660023666666666666.jpg,-6800
106/096,SR,ボスの指令(サカキ),106/096,16000,10/5,,25800,在庫あり (5枚),https://www.cardrush-pokemon.jp/data/cardrushpokemon/_/70726f647563742f7373323130362e6a7067003136300000660023666666666666.jpg,-9800
077/070,SR,ソニア,077/070,20000,10/5,,22800,在庫あり (8枚),https://www.cardrush-pokemon.jp/data/cardrushpokemon/_/70726f647563742f564d41587261697a696e675f32303230303230365f303030372e6a7067003136300000660023666666666666.jpg,-2800
073/060,UR,ザシアンV,073/060,8000,10/5,,5980,在庫あり (6枚),https://www.cardrush-pokemon.jp/data/cardrushpokemon/_/70726f647563742f7331775f32303139313230355f303031332e6a7067003136300000660023666666666666.jpg,2020
070/060,HR,カビゴンVMAX,070/060,8500,10/5,,8980,在庫あり (16枚),https://www.cardrush-pokemon.jp/data/cardrushpokemon/_/70726f647563742f7331685f32303139313230355f303031302e6a7067003136300000660023666666666666.jpg,-480
072/060,HR,マリィ,072/060,12000,10/5,,10800,在庫あり (11枚),https://www.cardrush-pokemon.jp/data/cardrushpokemon/_/70726f647563742f7331685f32303139313230355f303031322e6a7067003136300000660023666666666666.jpg,1200
066/060,SR,カビゴンV,066/060,10000,10/5,,3480,在庫あり (2枚),https://www.cardrush-pokemon.jp/data/cardrushpokemon/_/70726f647563742f7331685f32303139313230355f303030362e6a7067003136300000660023666666666666.jpg,6520
068/060,SR,マリィ,068/060,45000,10/5,,54800,在庫あり (29枚),https://www.cardrush-pokemon.jp/data/cardrushpokemon/_/70726f647563742f7331685f32303139313230355f303030382e6a7067003136300000660023666666666666.jpg,-9800
001/S-P,P,ピカチュウ,001/S-P,92000,10/5,,,在庫なし,,
002/S-P,P,シブヤのピカチュウ,002/S-P,92000,10/5,,,在庫なし,,
029/S-P,P,ニャースVMAX,029/S-P,15000,10/5,,24800,在庫あり (4枚),https://www.cardrush-pokemon.jp/data/cardrushpokemon/_/70726f647563742f32303139313231365f3537353162332e6a7067003136300000660023666666666666.jpg,-9800
036/S-P,P,救助隊のピカチュウ,036/S-P,68000,10/5,,,在庫なし,,
059/S-P,P,イエッサンV,059/S-P,9000,10/5,,12800,在庫あり (9枚),https://www.cardrush-pokemon.jp/data/cardrushpokemon/_/70726f647563742f32303230313030345f6262313834382e6a7067003136300000660023666666666666.jpg,-3800
069/S-P,P,ポケモンセンターのお姉さん,069/S-P,22000,10/5,,22800,在庫あり (26枚),https://www.cardrush-pokemon.jp/data/cardrushpokemon/_/70726f647563742f32303230303630345f3633313439382e706e67003136300000660023666666666666.jpg,-800
099/S-P,P,名探偵ピカチュウ,099/S-P,55000,10/5,,,在庫なし,,
103/S-P,P,リザードンV(争奪戦プロモ),103/S-P,210000,10/5,,278000,在庫あり (3枚),https://www.cardrush-pokemon.jp/data/cardrushpokemon/_/70726f647563742f32303230303732335f3165336538302e6a7067003136300000660023666666666666.jpg,-68000
104/S-P,P,リザードンVMAX(争奪戦プロモ),104/S-P,850000,10/5,,,在庫なし,,
105/S-P,P,まるのみされたピカチュウ,105/S-P,100000,10/5,,108000,在庫あり (1枚),https://www.cardrush-pokemon.jp/data/cardrushpokemon/_/70726f647563742f32303230313231395f3835373031372e6a7067003136300000660023666666666666.jpg,-8000
108/S-P,P,ザルードV,108/S-P,18000,10/5,,,在庫なし,,
123/S-P,P,ピカチュウVMAX(バンザイピカチュウ),123/S-P,35000,10/5,,44800,在庫あり (25枚),https://www.cardrush-pokemon.jp/data/cardrushpokemon/_/70726f647563742f503132332e6a7067003136300000660023666666666666.jpg,-9800
124/S-P,P,ピカチュウ,124/S-P,13000,10/5,,10800,在庫あり (111枚),https://www.cardrush-pokemon.jp/data/cardrushpokemon/_/70726f647563742f503132342e6a7067003136300000660023666666666666.jpg,2200
127/S-P,P,プレイヤーズセレモニー,127/S-P,40000,10/5,,,在庫なし,,
132/S-P,P,ピカチュウ,132/S-P,65000,10/5,,16800,在庫なし,https://www.cardrush-pokemon.jp/data/cardrushpokemon/_/70726f647563742f32303230313032345f3839356466612e6a70670031363000534f4c44204f555400660023666666666666.jpg,48200
140/S-P,P,マリィ,140/S-P,13000,10/5,,8480,在庫あり (7枚),https://www.cardrush-pokemon.jp/data/cardrushpokemon/_/70726f647563742f32303230313131395f3930666161662e6a7067003136300000660023666666666666.jpg,4520
144/S-P,P,カナザワのピカチュウ,144/S-P,35000,10/5,,29800,在庫あり (17枚),https://www.cardrush-pokemon.jp/data/cardrushpokemon/_/70726f647563742f32303230313132305f3538326432372e6a7067003136300000660023666666666666.jpg,5200
145/S-P,P,ミロカロス,145/S-P,11000,10/5,,12800,在庫なし,https://www.cardrush-pokemon.jp/data/cardrushpokemon/_/70726f647563742f32303230313131395f3334653733372e6a70670031363000534f4c44204f555400660023666666666666.jpg,-1800
147/S-P,P,カナザワのピカチュウ(スペシャルBOX版),147/S-P,90000,10/5,,89800,在庫あり (2枚),https://www.cardrush-pokemon.jp/data/cardrushpokemon/_/70726f647563742f32303230313131395f3264316561372e6a7067003136300000660023666666666666.jpg,200
175/S-P,P,セレビィ(SA),175/S-P,17000,10/5,,17800,在庫あり (24枚),https://www.cardrush-pokemon.jp/data/cardrushpokemon/_/70726f647563742f32303231303432325f3432363437382e6a7067003136300000660023666666666666.jpg,-800
186/S-P,P,ブースターVMAX（SA）,186/S-P,400000,10/5,,548000,在庫なし,https://www.cardrush-pokemon.jp/data/cardrushpokemon/_/70726f647563742f32303231313130335f6339353737652e6a70670031363000534f4c44204f555400660023666666666666.jpg,-148000
187/S-P,P,シャワーズVMAX（SA）,187/S-P,500000,10/5,,,在庫なし,,
188/S-P,P,サンダースVMAX（SA）,188/S-P,450000,10/5,,698000,在庫なし,https://www.cardrush-pokemon.jp/data/cardrushpokemon/_/70726f647563742f32303231313130335f3266653134362e6a70670031363000534f4c44204f555400660023666666666666.jpg,-248000
189/S-P,P,エーフィVMAX,189/S-P,38000,10/5,,44800,在庫あり (3枚),https://www.cardrush-pokemon.jp/data/cardrushpokemon/_/70726f647563742f32303231303532375f3335303061392e6a7067003136300000660023666666666666.jpg,-6800
208/S-P,P,ピカチュウ,208/S-P,27000,10/5,,19800,在庫あり (12枚),https://www.cardrush-pokemon.jp/data/cardrushpokemon/_/70726f647563742f32303231303732315f3037626631322e6a7067003136300000660023666666666666.jpg,7200
226/S-P,P,ウッウ(月に雁),226/S-P,55000,10/5,,49800,在庫あり (16枚),https://www.cardrush-pokemon.jp/data/cardrushpokemon/_/70726f647563742f32303231303832345f6365626361342e6a7067003136300000660023666666666666.jpg,5200
227/S-P,P,ピカチュウ(見返り美人),227/S-P,240000,10/5,,298000,在庫なし,https://www.cardrush-pokemon.jp/data/cardrushpokemon/_/70726f647563742f32303231303832345f3733646265382e6a70670031363000534f4c44204f555400660023666666666666.jpg,-58000
243/S-P,P,ビクティニV,243/S-P,22000,10/5,,13800,在庫なし,https://www.cardrush-pokemon.jp/data/cardrushpokemon/_/70726f647563742f32303231313231385f3731373863352e6a70670031363000534f4c44204f555400660023666666666666.jpg,8200
254/S-P,P,おいわいファンファーレ(2021),254/S-P,40000,10/5,,34800,在庫あり (2枚),https://www.cardrush-pokemon.jp/data/cardrushpokemon/_/70726f647563742f32303231303933305f3535376635642e6a7067003136300000660023666666666666.jpg,5200
304/S-P,P,ルカリオV(争奪戦プロモ),304/S-P,42000,10/5,,37800,在庫あり (1枚),https://www.cardrush-pokemon.jp/data/cardrushpokemon/_/70726f647563742f32303233303133315f6164616239382e6a7067003136300000660023666666666666.jpg,4200
305/S-P,P,ルカリオVstar(争奪戦プロモ),305/S-P,130000,10/5,,138000,在庫なし,https://www.cardrush-pokemon.jp/data/cardrushpokemon/_/70726f647563742f32303232303932375f3734333836652e6a70670031363000534f4c44204f555400660023666666666666.jpg,-8000
306/S-P,P,おいわいファンファーレ(2022),306/S-P,15000,10/5,,27800,在庫あり (9枚),https://www.cardrush-pokemon.jp/data/cardrushpokemon/_/70726f647563742f32303232303932395f3732366666612e6a7067003136300000660023666666666666.jpg,-12800
322/S-P,P,ルギアV,322/S-P,14000,10/5,,19800,在庫あり (2枚),https://www.cardrush-pokemon.jp/data/cardrushpokemon/_/70726f647563742f7275676961333232532d502e6a7067003136300000660023666666666666.jpg,-5800
323/S-P,P,ピカチュウ,323/S-P,50000,10/5,,62800,在庫あり (2枚),https://www.cardrush-pokemon.jp/data/cardrushpokemon/_/70726f647563742f32303232313132325f6236653239652e6a7067003136300000660023666666666666.jpg,-12800
001/015,P,ピカチュウV,001/015,90000,10/5,,34800,在庫なし,https://www.cardrush-pokemon.jp/data/cardrushpokemon/_/70726f647563742f50696b616368753030313031352e6a70670031363000534f4c44204f555400660023666666666666.jpg,55200
020/019,SCG,ゲンガーVMAX(SA),020/019,180000,10/5,,268000,在庫なし,https://www.cardrush-pokemon.jp/data/cardrushpokemon/_/70726f647563742f32303231303532375f3238646234342e6a70670031363000534f4c44204f555400660023666666666666.jpg,-88000
220/173,UR,レシラム＆リザードンGX,220/173,42000,10/4,,49800,在庫あり (5枚),https://www.cardrush-pokemon.jp/data/cardrushpokemon/_/70726f647563742f3033382e6a7067003136300000660023666666666666.jpg,-7800
221/173,UR,ピカチュウ＆ゼクロムGX,221/173,55000,10/4,,59800,在庫あり (12枚),https://www.cardrush-pokemon.jp/data/cardrushpokemon/_/70726f647563742f3033392e6a7067003136300000660023666666666666.jpg,-4800
222/173,UR,ミュウツー＆ミュウGX,222/173,100000,10/4,,72800,在庫なし,https://www.cardrush-pokemon.jp/data/cardrushpokemon/_/70726f647563742f3034302e6a70670031363000534f4c44204f555400660023666666666666.jpg,27200
223/173,UR,ゲッコウガ＆ゾロアークGX,223/173,15000,10/4,,19800,在庫あり (16枚),https://www.cardrush-pokemon.jp/data/cardrushpokemon/_/70726f647563742f3034312e6a7067003136300000660023666666666666.jpg,-4800
224/173,UR,ルカリオ＆メルメタルGX,224/173,13000,10/4,,11800,在庫あり (8枚),https://www.cardrush-pokemon.jp/data/cardrushpokemon/_/70726f647563742f3034322e6a7067003136300000660023666666666666.jpg,1200
225/173,UR,ガブリアス＆ギラティナGX,225/173,20000,10/4,,23800,在庫あり (9枚),https://www.cardrush-pokemon.jp/data/cardrushpokemon/_/70726f647563742f3034332e6a7067003136300000660023666666666666.jpg,-3800
226/173,UR,ファイヤー＆サンダー＆フリーザーGX,226/173,28000,10/4,,37800,在庫あり (3枚),https://www.cardrush-pokemon.jp/data/cardrushpokemon/_/70726f647563742f3034342e6a7067003136300000660023666666666666.jpg,-9800
212/173,HR,エーフィ＆デオキシスGX,212/173,20000,10/4,,17800,在庫あり (4枚),https://www.cardrush-pokemon.jp/data/cardrushpokemon/_/70726f647563742f3033302e6a7067003136300000660023666666666666.jpg,2200
214/173,HR,ジラーチGX,214/173,18000,10/4,,14800,在庫なし,https://www.cardrush-pokemon.jp/data/cardrushpokemon/_/70726f647563742f3033322e6a70670031363000534f4c44204f555400660023666666666666.jpg,3200
215/173,HR,ブラッキー＆ダークライGX,215/173,30000,10/4,,41800,在庫あり (7枚),https://www.cardrush-pokemon.jp/data/cardrushpokemon/_/70726f647563742f3033332e6a7067003136300000660023666666666666.jpg,-11800
218/173,HR,トゲピー&ピィ&ププリンGX,218/173,22000,10/4,,15800,在庫あり (3枚),https://www.cardrush-pokemon.jp/data/cardrushpokemon/_/70726f647563742f3033362e6a7067003136300000660023666666666666.jpg,6200
219/173,HR,イーブイGX,219/173,40000,10/4,,29800,在庫あり (2枚),https://www.cardrush-pokemon.jp/data/cardrushpokemon/_/70726f647563742f3033372e6a7067003136300000660023666666666666.jpg,10200
175/173,SR,デデンネGX(SA),175/173,32000,10/4,,17800,在庫あり (25枚),https://www.cardrush-pokemon.jp/data/cardrushpokemon/_/70726f647563742f3030322e6a7067003136300000660023666666666666.jpg,14200
176/173,SR,エーフィ＆デオキシスGX,176/173,15000,10/4,,8980,在庫あり (7枚),https://www.cardrush-pokemon.jp/data/cardrushpokemon/_/70726f647563742f3030332e6a7067003136300000660023666666666666.jpg,6020
177/173,SR,エーフィ＆デオキシスGX(SA),177/173,60000,10/4,,59800,在庫あり (9枚),https://www.cardrush-pokemon.jp/data/cardrushpokemon/_/70726f647563742f3030342e6a7067003136300000660023666666666666.jpg,200
179/173,SR,オーロット＆ヨノワールGX(SA),179/173,17000,10/4,,11800,在庫あり (17枚),https://www.cardrush-pokemon.jp/data/cardrushpokemon/_/70726f647563742f3030362e6a7067003136300000660023666666666666.jpg,5200
180/173,SR,ジラーチGX,180/173,9000,10/4,,3580,在庫あり (3枚),https://www.cardrush-pokemon.jp/data/cardrushpokemon/_/70726f647563742f3030372e6a7067003136300000660023666666666666.jpg,5420
181/173,SR,ブラッキー&ダークライGX,181/173,35000,10/4,,29800,在庫あり (10枚),https://www.cardrush-pokemon.jp/data/cardrushpokemon/_/70726f647563742f3030382e6a7067003136300000660023666666666666.jpg,5200
182/173,SR,ブラッキー&ダークライGX(SA),182/173,160000,10/4,,178000,在庫なし,https://www.cardrush-pokemon.jp/data/cardrushpokemon/_/70726f647563742f3030392e6a70670031363000534f4c44204f555400660023666666666666.jpg,-18000
185/173,SR,トゲピー&ピィ&ププリンGX,185/173,20000,10/4,,15800,在庫あり (9枚),https://www.cardrush-pokemon.jp/data/cardrushpokemon/_/70726f647563742f3031322e6a7067003136300000660023666666666666.jpg,4200
186/173,SR,トゲピー&ピィ&ププリンGX(SA),186/173,60000,10/4,,69800,在庫あり (11枚),https://www.cardrush-pokemon.jp/data/cardrushpokemon/_/70726f647563742f3031332e6a7067003136300000660023666666666666.jpg,-9800
187/173,SR,イーブイGX,187/173,16000,10/4,,9480,在庫あり (13枚),https://www.cardrush-pokemon.jp/data/cardrushpokemon/_/70726f647563742f3031342e6a7067003136300000660023666666666666.jpg,6520
188/173,SR,イーブイGX(SA),188/173,78000,10/4,,62800,在庫あり (2枚),https://www.cardrush-pokemon.jp/data/cardrushpokemon/_/70726f647563742f3031352e6a7067003136300000660023666666666666.jpg,15200
190/173,SR,エリカのおもてなし,190/173,88000,10/4,,94800,在庫あり (10枚),https://www.cardrush-pokemon.jp/data/cardrushpokemon/_/70726f647563742f3031372e6a7067003136300000660023666666666666.jpg,-6800
191/173,SR,カスミ＆カンナ,191/173,40000,10/4,,49800,在庫あり (8枚),https://www.cardrush-pokemon.jp/data/cardrushpokemon/_/70726f647563742f3031382e6a7067003136300000660023666666666666.jpg,-9800
192/173,SR,かんこうきゃく,192/173,120000,10/4,,148000,在庫あり (7枚),https://www.cardrush-pokemon.jp/data/cardrushpokemon/_/70726f647563742f3031392e6a7067003136300000660023666666666666.jpg,-28000
193/173,SR,グリーンの戦略,193/173,40000,10/4,,42800,在庫あり (7枚),https://www.cardrush-pokemon.jp/data/cardrushpokemon/_/70726f647563742f3032302e6a7067003136300000660023666666666666.jpg,-2800
196/173,SR,ブルーの探索,196/173,60000,10/4,,64800,在庫あり (5枚),https://www.cardrush-pokemon.jp/data/cardrushpokemon/_/70726f647563742f3032332e6a7067003136300000660023666666666666.jpg,-4800
201/173,SR,レッドの挑戦,201/173,45000,10/4,,44800,在庫あり (10枚),https://www.cardrush-pokemon.jp/data/cardrushpokemon/_/70726f647563742f3032382e6a7067003136300000660023666666666666.jpg,200
001/173,RR,フェローチェ＆マッシブーンGX,001/173,4500,10/4,,680,在庫なし,https://www.cardrush-pokemon.jp/data/cardrushpokemon/_/70726f647563742f736d3132613030312e6a70670031363000534f4c44204f555400660023666666666666.jpg,3820
016/173,RR,レシラム＆リザードンGX,016/173,6000,10/4,,4980,在庫あり (154枚),https://www.cardrush-pokemon.jp/data/cardrushpokemon/_/70726f647563742f736d3132613031362e6a7067003136300000660023666666666666.jpg,1020
041/173,RR,ピカチュウ＆ゼクロムGX,041/173,8500,10/4,,5980,在庫あり (161枚),https://www.cardrush-pokemon.jp/data/cardrushpokemon/_/70726f647563742f736d3132613034312e6a7067003136300000660023666666666666.jpg,2520
052/173,RR,ミュウツー＆ミュウGX,052/173,9000,10/4,,5980,在庫あり (150枚),https://www.cardrush-pokemon.jp/data/cardrushpokemon/_/70726f647563742f736d3132613035322e6a7067003136300000660023666666666666.jpg,3020
067/173,RR,マーシャドー＆カイリキーGX,067/173,4500,10/4,,1280,在庫あり (10枚),https://www.cardrush-pokemon.jp/data/cardrushpokemon/_/70726f647563742f736d3132613036372e6a7067003136300000660023666666666666.jpg,3220
072/173,RR,ゲッコウガ＆ゾロアークGX,072/173,4500,10/4,,2180,在庫あり (88枚),https://www.cardrush-pokemon.jp/data/cardrushpokemon/_/70726f647563742f736d3132613037322e6a7067003136300000660023666666666666.jpg,2320
083/173,RR,ルカリオ＆メルメタルGX,083/173,4500,10/4,,1380,在庫あり (51枚),https://www.cardrush-pokemon.jp/data/cardrushpokemon/_/70726f647563742f736d3132613038332e6a7067003136300000660023666666666666.jpg,3120
094/173,RR,トゲピー＆ピィ＆ププリンGX,094/173,6000,10/4,,2980,在庫あり (131枚),https://www.cardrush-pokemon.jp/data/cardrushpokemon/_/70726f647563742f736d3132613039342e6a7067003136300000660023666666666666.jpg,3020
099/173,RR,ガブリアス＆ギラティナGX,099/173,5000,10/4,,2180,在庫あり (113枚),https://www.cardrush-pokemon.jp/data/cardrushpokemon/_/70726f647563742f736d3132613039392e6a7067003136300000660023666666666666.jpg,2820
100/173,RR,レックウザGX,100/173,4000,10/4,,1780,在庫あり (23枚),https://www.cardrush-pokemon.jp/data/cardrushpokemon/_/70726f647563742f736d3132613130302e6a7067003136300000660023666666666666.jpg,2220
102/173,RR,ファイヤー＆サンダー＆フリーザーGX,102/173,6000,10/4,,3780,在庫あり (66枚),https://www.cardrush-pokemon.jp/data/cardrushpokemon/_/70726f647563742f736d3132613130322e6a7067003136300000660023666666666666.jpg,2220
100/095,SR,アルセウス＆ディアルガ＆パルキアGX(SA),100/095,90000,10/4,,128000,在庫あり (5枚),https://www.cardrush-pokemon.jp/data/cardrushpokemon/_/70726f647563742f736d31323130302e6a7067003136300000660023666666666666.jpg,-38000
102/095,SR,アーゴヨン＆アクジキングGX（SA）,102/095,11000,10/4,,10800,在庫あり (6枚),https://www.cardrush-pokemon.jp/data/cardrushpokemon/_/70726f647563742f736d31323130322e6a7067003136300000660023666666666666.jpg,200
104/095,SR,メガミミロップ＆プリンGX(SA),104/095,24000,10/4,,39800,在庫あり (20枚),https://www.cardrush-pokemon.jp/data/cardrushpokemon/_/70726f647563742f736d31323130342e6a7067003136300000660023666666666666.jpg,-15800
107/095,SR,マオ＆スイレン,107/095,17000,10/4,,17800,在庫あり (23枚),https://www.cardrush-pokemon.jp/data/cardrushpokemon/_/70726f647563742f736d31323130372e6a7067003136300000660023666666666666.jpg,-800
108/095,SR,レッド＆グリーン,108/095,12000,10/4,,12800,在庫あり (14枚),https://www.cardrush-pokemon.jp/data/cardrushpokemon/_/70726f647563742f736d31323130382e6a7067003136300000660023666666666666.jpg,-800
070/049,HR,ソルガレオ＆ルナアーラGX,070/049,20000,10/4,,32800,在庫あり (9枚),https://www.cardrush-pokemon.jp/data/cardrushpokemon/_/70726f647563742f32303139303830395f6663343637352e6a7067003136300000660023666666666666.jpg,-12800
071/049,HR,レシラム＆ゼクロムGX,071/049,18000,10/4,,18800,在庫あり (14枚),https://www.cardrush-pokemon.jp/data/cardrushpokemon/_/70726f647563742f32303139303830395f3636376261632e6a7067003136300000660023666666666666.jpg,-800
062/049,SR,ラフレシアGX（SA）,062/049,12000,10/4,,10800,在庫あり (21枚),https://www.cardrush-pokemon.jp/data/cardrushpokemon/_/70726f647563742f32303139303830395f3561656539662e6a7067003136300000660023666666666666.jpg,1200
063/049,SR,ソルガレオ＆ルナアーラGX（SA）,063/049,40000,10/4,,49800,在庫あり (33枚),https://www.cardrush-pokemon.jp/data/cardrushpokemon/_/70726f647563742f32303139303830395f6664666638372e6a7067003136300000660023666666666666.jpg,-9800
064/049,SR,レシラム＆ゼクロムGX（SA）,064/049,33000,10/4,,39800,在庫あり (19枚),https://www.cardrush-pokemon.jp/data/cardrushpokemon/_/70726f647563742f32303139303830395f3161303665632e6a7067003136300000660023666666666666.jpg,-6800
067/049,SR,メイ,067/049,40000,10/4,,44800,在庫あり (24枚),https://www.cardrush-pokemon.jp/data/cardrushpokemon/_/70726f647563742f32303139303830395f3564313063312e6a7067003136300000660023666666666666.jpg,-4800
068/049,SR,リーリエの全力,068/049,40000,10/4,,34800,在庫あり (23枚),https://www.cardrush-pokemon.jp/data/cardrushpokemon/_/70726f647563742f736d3131623036382e6a7067003136300000660023666666666666.jpg,5200
052/049,CHR,ポッチャマ,052/049,13000,10/4,,10800,在庫あり (46枚),https://www.cardrush-pokemon.jp/data/cardrushpokemon/_/70726f647563742f32303139303830395f6231396166642e6a7067003136300000660023666666666666.jpg,2200
054/049,CHR,ピカチュウ,054/049,40000,10/4,,32800,在庫あり (35枚),https://www.cardrush-pokemon.jp/data/cardrushpokemon/_/70726f647563742f32303139303830395f3632333231632e6a7067003136300000660023666666666666.jpg,7200
058/049,CHR,ミミッキュ,058/049,12000,10/4,,9480,在庫あり (30枚),https://www.cardrush-pokemon.jp/data/cardrushpokemon/_/70726f647563742f32303139303830395f3736373461382e6a7067003136300000660023666666666666.jpg,2520
066/064,SR,フシギバナ＆ツタージャGX(SA),066/064,24000,10/4,,18800,在庫あり (9枚),https://www.cardrush-pokemon.jp/data/cardrushpokemon/_/70726f647563742f736d313161323030322e6a7067003136300000660023666666666666.jpg,5200
068/064,SR,リザードン＆テールナーGX(SA),068/064,67000,10/4,,74800,在庫あり (8枚),https://www.cardrush-pokemon.jp/data/cardrushpokemon/_/70726f647563742f736d313161323030342e6a7067003136300000660023666666666666.jpg,-7800
070/064,SR,カメックス＆ポッチャマGX(SA),070/064,75000,10/4,,54800,在庫あり (1枚),https://www.cardrush-pokemon.jp/data/cardrushpokemon/_/70726f647563742f736d313161323030362e6a7067003136300000660023666666666666.jpg,20200
096/094,SR,ヤドン＆コダックGX(SA),096/094,110000,10/4,,59800,在庫あり (10枚),https://www.cardrush-pokemon.jp/data/cardrushpokemon/_/70726f647563742f32303139303732385f3834323834632e6a7067003136300000660023666666666666.jpg,50200
098/094,SR,ミュウツー＆ミュウGX(SA),098/094,260000,10/4,,218000,在庫あり (5枚),https://www.cardrush-pokemon.jp/data/cardrushpokemon/_/70726f647563742f32303139303732385f3863346430622e6a7067003136300000660023666666666666.jpg,42000
102/094,SR,メガヤミラミ＆バンギラスGX(SA),102/094,58000,10/4,,44800,在庫あり (14枚),https://www.cardrush-pokemon.jp/data/cardrushpokemon/_/70726f647563742f32303139303732385f6262316165362e6a7067003136300000660023666666666666.jpg,13200
104/094,SR,カスミのおねがい,104/094,38000,10/4,,29800,在庫あり (14枚),https://www.cardrush-pokemon.jp/data/cardrushpokemon/_/70726f647563742f736d31313130342e6a7067003136300000660023666666666666.jpg,8200
056/054,SR,モクロー＆ナッシーGX（SA）,056/054,22000,10/4,,,在庫なし,,
060/054,SR,ファイヤー＆サンダー＆フリーザーGX(SA),060/054,240000,10/4,,138000,在庫あり (2枚),https://www.cardrush-pokemon.jp/data/cardrushpokemon/_/70726f647563742f32303139303432355f3236366530392e6a7067003136300000660023666666666666.jpg,102000
062/054,SR,ムサシとコジロウ,062/054,42000,10/4,,32800,在庫あり (19枚),https://www.cardrush-pokemon.jp/data/cardrushpokemon/_/70726f647563742f736d3130623036322e6a7067003136300000660023666666666666.jpg,9200
057/054,SR,ライチュウ＆アローラライチュウGX(SA),057/054,100000,10/4,,97800,在庫あり (6枚),https://www.cardrush-pokemon.jp/data/cardrushpokemon/_/70726f647563742f736d3130613035372e6a7067003136300000660023666666666666.jpg,2200
060/054,SR,ガブリアス＆ギラティナGX(SA),060/054,75000,10/4,,49800,在庫あり (7枚),https://www.cardrush-pokemon.jp/data/cardrushpokemon/_/70726f647563742f736d3130613036302e6a7067003136300000660023666666666666.jpg,25200
108/095,HR,レシラム＆リザードンGX,108/095,30000,10/4,,25800,在庫あり (5枚),https://www.cardrush-pokemon.jp/data/cardrushpokemon/_/70726f647563742f32303139303330315f3665316363372e6a7067003136300000660023666666666666.jpg,4200
097/095,SR,レシラム＆リザードンGX(SA),097/095,170000,10/4,,158000,在庫あり (4枚),https://www.cardrush-pokemon.jp/data/cardrushpokemon/_/70726f647563742f736d31303039372e6a7067003136300000660023666666666666.jpg,12000
101/095,SR,マーシャドー＆カイリキーGX(SA),101/095,22000,10/4,,22800,在庫あり (6枚),https://www.cardrush-pokemon.jp/data/cardrushpokemon/_/70726f647563742f32303139303330315f3162306335342e6a7067003136300000660023666666666666.jpg,-800
056/054,SR,フェローチェ＆マッシブーンGX(SA),056/054,28000,10/4,,9280,在庫あり (20枚),https://www.cardrush-pokemon.jp/data/cardrushpokemon/_/70726f647563742f736d39622d3035362e6a7067003136300000660023666666666666.jpg,18720
059/054,SR,ルカリオ＆メルメタルGX(SA),059/054,34000,10/4,,23800,在庫あり (17枚),https://www.cardrush-pokemon.jp/data/cardrushpokemon/_/70726f647563742f736d39622d3035392e6a7067003136300000660023666666666666.jpg,10200
061/054,SR,ブルーの探索,061/054,35000,10/4,,23800,在庫あり (13枚),https://www.cardrush-pokemon.jp/data/cardrushpokemon/_/70726f647563742f736d39622d3036312e6a7067003136300000660023666666666666.jpg,11200
067/055,HR,サーナイト＆ニンフィアGX,067/055,25000,10/4,,19800,在庫あり (5枚),https://www.cardrush-pokemon.jp/data/cardrushpokemon/_/70726f647563742f535f5f333634353533372e6a7067003136300000660023666666666666.jpg,5200
059/055,SR,ゲッコウガ＆ゾロアークGX(SA),059/055,68000,10/4,,34800,在庫あり (22枚),https://www.cardrush-pokemon.jp/data/cardrushpokemon/_/70726f647563742f535f5f333634353533332e6a7067003136300000660023666666666666.jpg,33200
061/055,SR,サーナイト＆ニンフィアGX(SA),061/055,160000,10/4,,118000,在庫あり (3枚),https://www.cardrush-pokemon.jp/data/cardrushpokemon/_/70726f647563742f535f5f333634353533352e6a7067003136300000660023666666666666.jpg,42000
112/095,HR,ピカチュウ＆ゼクロムGX,112/095,30000,10/4,,39800,在庫あり (2枚),https://www.cardrush-pokemon.jp/data/cardrushpokemon/_/70726f647563742f736d393131322e6a7067003136300000660023666666666666.jpg,-9800
113/095,HR,ゲンガー＆ミミッキュGX,113/095,68000,10/4,,54800,在庫あり (4枚),https://www.cardrush-pokemon.jp/data/cardrushpokemon/_/70726f647563742f736d393131332e4a5047003136300000660023666666666666.jpg,13200
097/095,SR,セレビィ＆フシギバナGX(SA),097/095,58000,10/4,,32800,在庫あり (21枚),https://www.cardrush-pokemon.jp/data/cardrushpokemon/_/70726f647563742f736d393039372e6a7067003136300000660023666666666666.jpg,25200
099/095,SR,コイキング＆ホエルオーGX(SA),099/095,160000,10/4,,138000,在庫あり (9枚),https://www.cardrush-pokemon.jp/data/cardrushpokemon/_/70726f647563742f736d393039392e6a7067003136300000660023666666666666.jpg,22000
101/095,SR,ピカチュウ＆ゼクロムGX(SA),101/095,350000,10/4,,328000,在庫あり (3枚),https://www.cardrush-pokemon.jp/data/cardrushpokemon/_/70726f647563742f736d393130312e4a5047003136300000660023666666666666.jpg,22000
103/095,SR,ゲンガー＆ミミッキュGX(SA),103/095,240000,10/4,,288000,在庫あり (2枚),https://www.cardrush-pokemon.jp/data/cardrushpokemon/_/70726f647563742f736d393130332e6a7067003136300000660023666666666666.jpg,-48000
105/095,SR,ラティアス＆ラティオスGX(SA),105/095,420000,10/4,,498000,在庫あり (1枚),https://www.cardrush-pokemon.jp/data/cardrushpokemon/_/70726f647563742f736d393130352e4a5047003136300000660023666666666666.jpg,-78000
107/095,SR,エリカのおもてなし,107/095,24000,10/4,,19800,在庫あり (30枚),https://www.cardrush-pokemon.jp/data/cardrushpokemon/_/70726f647563742f736d393130372e4a5047003136300000660023666666666666.jpg,4200
209/150,SSR,リザードンGX,209/150,170000,10/4,,178000,在庫あり (9枚),https://www.cardrush-pokemon.jp/data/cardrushpokemon/_/70726f647563742f32303138313130325f6337356661652e6a7067003136300000660023666666666666.jpg,-8000
229/150,SSR,ブラッキーGX,229/150,90000,10/4,,128000,在庫あり (2枚),https://www.cardrush-pokemon.jp/data/cardrushpokemon/_/70726f647563742f7573666f696c3232362e6a7067003136300000660023666666666666.jpg,-38000
238/150,SSR,ニンフィアGX,238/150,38000,10/4,,34800,在庫あり (7枚),https://www.cardrush-pokemon.jp/data/cardrushpokemon/_/70726f647563742f7573666f696c3233352e6a7067003136300000660023666666666666.jpg,3200
240/150,SSR,レックウザGX,240/150,95000,10/4,,128000,在庫あり (11枚),https://www.cardrush-pokemon.jp/data/cardrushpokemon/_/70726f647563742f7573666f696c3233372e6a7067003136300000660023666666666666.jpg,-33000
153/150,SR,シロナ,153/150,18000,10/4,,37800,在庫あり (11枚),https://www.cardrush-pokemon.jp/data/cardrushpokemon/_/70726f647563742f32303139303732335f6563353461352e6a7067003136300000660023666666666666.jpg,-19800
058/052,SR,ミカン,058/052,10000,10/4,,17800,在庫あり (17枚),https://www.cardrush-pokemon.jp/data/cardrushpokemon/_/70726f647563742f32303138313030355f3861323965372e6a7067003136300000660023666666666666.jpg,-7800
108/095,HR,ルギアGX,108/095,50000,10/4,,52800,在庫あり (1枚),https://www.cardrush-pokemon.jp/data/cardrushpokemon/_/70726f647563742f32303138303930375f6463353436372e6a7067003136300000660023666666666666.jpg,-2800
101/095,SR,アカネ,101/095,15000,10/4,,17800,在庫あり (11枚),https://www.cardrush-pokemon.jp/data/cardrushpokemon/_/70726f647563742f313839377073696e382e6a7067003136300000660023666666666666.jpg,-2800
056/050,SR,マツリカ,056/050,9000,10/4,,6280,在庫あり (30枚),https://www.cardrush-pokemon.jp/data/cardrushpokemon/_/70726f647563742f6d61747572696b6173722e6a7067003136300000660023666666666666.jpg,2720
060/050,HR,ミミッキュGX,060/050,50000,10/4,,20800,在庫なし,https://www.cardrush-pokemon.jp/data/cardrushpokemon/_/70726f647563742f6d696d696b6b797568722e6a70670031363000534f4c44204f555400660023666666666666.jpg,29200
065/060,SR,カヒリ,065/060,10000,10/4,,8980,在庫あり (17枚),https://www.cardrush-pokemon.jp/data/cardrushpokemon/_/70726f647563742f6b616869726973722e6a7067003136300000660023666666666666.jpg,1020
109/096,HR,レックウザGX,109/096,110000,10/4,,158000,在庫あり (8枚),https://www.cardrush-pokemon.jp/data/cardrushpokemon/_/70726f647563742f72656b6b757568722e6a7067003136300000660023666666666666.jpg,-48000
104/096,SR,ルチア,104/096,120000,10/4,,188000,在庫あり (4枚),https://www.cardrush-pokemon.jp/data/cardrushpokemon/_/70726f647563742f32303233313032305f6239306138642e6a7067003136300000660023666666666666.jpg,-68000
073/066,SR,地底探検隊,073/066,12000,10/4,,,在庫なし,,
074/066,SR,TVレポーター,074/066,14000,10/4,,19800,在庫あり (9枚),https://www.cardrush-pokemon.jp/data/cardrushpokemon/_/70726f647563742f747630372e6a7067003136300000660023666666666666.jpg,-5800
077/066,SR,モノマネむすめ,077/066,20000,10/4,,27800,在庫あり (9枚),https://www.cardrush-pokemon.jp/data/cardrushpokemon/_/70726f647563742f6d6f6e6f6d616e6573722e6a7067003136300000660023666666666666.jpg,-7800
059/053,SR,ヒガナ,059/053,33000,10/4,,49800,在庫あり (5枚),https://www.cardrush-pokemon.jp/data/cardrushpokemon/_/70726f647563742f686967616e6173722e6a7067003136300000660023666666666666.jpg,-16800
100/094,SR,おじょうさま,100/094,24000,10/4,,34800,在庫あり (11枚),https://www.cardrush-pokemon.jp/data/cardrushpokemon/_/70726f647563742f6f6a796f7573722e6a7067003136300000660023666666666666.jpg,-10800
101/094,SR,カルネ,101/094,10000,10/4,,12800,在庫あり (9枚),https://www.cardrush-pokemon.jp/data/cardrushpokemon/_/70726f647563742f6b6172756e6573722e6a7067003136300000660023666666666666.jpg,-2800
102/094,SR,ユリーカ,102/094,10000,10/4,,16800,在庫あり (12枚),https://www.cardrush-pokemon.jp/data/cardrushpokemon/_/70726f647563742f797572696b6173722e6a7067003136300000660023666666666666.jpg,-6800
059/050,HR,ルカリオGX,059/050,20000,10/4,,21800,在庫なし,https://www.cardrush-pokemon.jp/data/cardrushpokemon/_/70726f647563742f72756b6172696f3035392e6a70670031363000534f4c44204f555400660023666666666666.jpg,-1800
070/066,SR,ナタネ,070/066,40000,10/4,,29800,在庫あり (5枚),https://www.cardrush-pokemon.jp/data/cardrushpokemon/_/70726f647563742f6e6174616e657372322e6a7067003136300000660023666666666666.jpg,10200
072/066,SR,マーズ,072/066,14000,10/4,,16800,在庫あり (7枚),https://www.cardrush-pokemon.jp/data/cardrushpokemon/_/70726f647563742f6d617a7573722e6a7067003136300000660023666666666666.jpg,-2800
070/066,SR,シロナ,070/066,84000,10/4,,84800,在庫あり (5枚),https://www.cardrush-pokemon.jp/data/cardrushpokemon/_/70726f647563742f32303139303732335f3566663261352e6a7067003136300000660023666666666666.jpg,-800
118/114,SR,スイレン,118/114,100000,10/4,,59800,在庫あり (4枚),https://www.cardrush-pokemon.jp/data/cardrushpokemon/_/70726f647563742f73756972656e6e7372392e6a7067003136300000660023666666666666.jpg,40200
119/114,SR,リーリエ,119/114,1000000,10/4,,998000,在庫あり (1枚),https://www.cardrush-pokemon.jp/data/cardrushpokemon/_/70726f647563742f32303139303732335f6136396334612e6a7067003136300000660023666666666666.jpg,2000
120/114,SR,ルザミーネ,120/114,160000,10/4,,138000,在庫あり (9枚),https://www.cardrush-pokemon.jp/data/cardrushpokemon/_/70726f647563742f72757a616d6979616d696f7469312e6a7067003136300000660023666666666666.jpg,22000
055/050,SR,グラジオ,055/050,20000,10/4,,25800,在庫あり (8枚),https://www.cardrush-pokemon.jp/data/cardrushpokemon/_/70726f647563742f677572616a696f73722e6a7067003136300000660023666666666666.jpg,-5800
055/050,SR,ルザミーネ,055/050,100000,10/4,,158000,在庫あり (5枚),https://www.cardrush-pokemon.jp/data/cardrushpokemon/_/70726f647563742f72757a616d6973722e6a7067003136300000660023666666666666.jpg,-58000
080/072,HR,ミュウツーGX,080/072,90000,10/4,,89800,在庫あり (2枚),https://www.cardrush-pokemon.jp/data/cardrushpokemon/_/70726f647563742f6d79757574752d68722e6a7067003136300000660023666666666666.jpg,200
077/072,SR,ポケモンブリーダー,077/072,20000,10/4,,29800,在庫あり (16枚),https://www.cardrush-pokemon.jp/data/cardrushpokemon/_/70726f647563742f706f6b656275726973722e6a7067003136300000660023666666666666.jpg,-9800
041/072,–,ひかるミュウ,041/072,80000,10/4,,84800,在庫あり (17枚),https://www.cardrush-pokemon.jp/data/cardrushpokemon/_/70726f647563742f68696b6172756d7975753034312e6a7067003136300000660023666666666666.jpg,-4800
082/072,＊,ミュウツーGX(SR仕様),082/072,420000,10/4,,378000,在庫なし,https://www.cardrush-pokemon.jp/data/cardrushpokemon/_/70726f647563742f6d79757574752d3038322e6a70670031363000534f4c44204f555400660023666666666666.jpg,42000
058/051,HR,リザードンGX,058/051,480000,10/4,,398000,在庫なし,https://www.cardrush-pokemon.jp/data/cardrushpokemon/_/70726f647563742f72697a6168722e6a70670031363000534f4c44204f555400660023666666666666.jpg,82000
059/051,HR,ホウオウGX,059/051,58000,10/4,,37800,在庫あり (2枚),https://www.cardrush-pokemon.jp/data/cardrushpokemon/_/70726f647563742f686f756f756872312e6a7067003136300000660023666666666666.jpg,20200
052/051,SR,リザードンGX,052/051,150000,10/4,,148000,在庫なし,https://www.cardrush-pokemon.jp/data/cardrushpokemon/_/70726f647563742f72697a6173722e6a70670031363000534f4c44204f555400660023666666666666.jpg,2000
057/051,SR,プルメリ,057/051,10000,10/4,,11800,在庫あり (10枚),https://www.cardrush-pokemon.jp/data/cardrushpokemon/_/70726f647563742f707572756d6572692e6a7067003136300000660023666666666666.jpg,-1800
061/051,HR,サーナイトGX,061/051,20000,10/4,,19800,在庫あり (1枚),https://www.cardrush-pokemon.jp/data/cardrushpokemon/_/70726f647563742f73616e6168722e6a7067003136300000660023666666666666.jpg,200
056/051,SR,グズマ,056/051,10000,10/4,,13800,在庫なし,https://www.cardrush-pokemon.jp/data/cardrushpokemon/_/70726f647563742f32303139303732335f6638666530382e6a70670031363000534f4c44204f555400660023666666666666.jpg,-3800
057/051,SR,ビッケ,057/051,25000,10/4,,32800,在庫あり (4枚),https://www.cardrush-pokemon.jp/data/cardrushpokemon/_/70726f647563742f62696b6b657372352e6a7067003136300000660023666666666666.jpg,-7800
063/049,HR,ダークライGX,063/049,40000,10/4,,29800,在庫なし,https://www.cardrush-pokemon.jp/data/cardrushpokemon/_/70726f647563742f64612d6b7572616968722e6a70670031363000534f4c44204f555400660023666666666666.jpg,10200
056/049,SR,アセロラ,056/049,600000,10/4,,548000,在庫あり (1枚),https://www.cardrush-pokemon.jp/data/cardrushpokemon/_/70726f647563742f32303234303131345f3333663761642e6a7067003136300000660023666666666666.jpg,52000
057/049,SR,マーマネ,057/049,4000,10/4,,11800,在庫あり (17枚),https://www.cardrush-pokemon.jp/data/cardrushpokemon/_/70726f647563742f6d616d616e6573722e6a7067003136300000660023666666666666.jpg,-7800
055/050,SR,マオ,055/050,50000,10/4,,39800,在庫あり (9枚),https://www.cardrush-pokemon.jp/data/cardrushpokemon/_/70726f647563742f6d616f73722e6a7067003136300000660023666666666666.jpg,10200
064/051,HR,ニンフィアGX,064/051,400000,10/4,,248000,在庫あり (3枚),https://www.cardrush-pokemon.jp/data/cardrushpokemon/_/70726f647563742f6e6966696168722e6a7067003136300000660023666666666666.jpg,152000
057/051,SR,ニンフィアGX,057/051,75000,10/4,,52800,在庫あり (1枚),https://www.cardrush-pokemon.jp/data/cardrushpokemon/_/70726f647563742f6e696e6e666973722e6a7067003136300000660023666666666666.jpg,22200
068/060,HR,エーフィGX,068/060,45000,10/4,,47800,在庫あり (4枚),https://www.cardrush-pokemon.jp/data/cardrushpokemon/_/70726f647563742f652d666968722e6a7067003136300000660023666666666666.jpg,-2800
062/060,SR,エーフィGX,062/060,24000,10/4,,23800,在庫あり (4枚),https://www.cardrush-pokemon.jp/data/cardrushpokemon/_/70726f647563742f32303138303930395f6166626663612e4a5047003136300000660023666666666666.jpg,200
069/060,HR,ブラッキーGX,069/060,130000,10/4,,128000,在庫あり (3枚),https://www.cardrush-pokemon.jp/data/cardrushpokemon/_/70726f647563742f627572616b696872302e6a7067003136300000660023666666666666.jpg,2000
063/060,SR,ブラッキーGX,063/060,60000,10/4,,64800,在庫あり (8枚),https://www.cardrush-pokemon.jp/data/cardrushpokemon/_/70726f647563742f627572616b6b6973722e6a7067003136300000660023666666666666.jpg,-4800
066/060,SR,リーリエ,066/060,550000,10/4,,598000,在庫あり (1枚),https://www.cardrush-pokemon.jp/data/cardrushpokemon/_/70726f647563742f32303234303731385f3261336664392e6a7067003136300000660023666666666666.jpg,-48000
005/SM-P,PROMO,サッポロのピカチュウ,005/SM-P,180000,10/4,,198000,在庫なし,https://www.cardrush-pokemon.jp/data/cardrushpokemon/_/70726f647563742f736170706f726f70693030352e6a70670031363000534f4c44204f555400660023666666666666.jpg,-18000
055/SM-P,PROMO,イースターのピカチュウ,055/SM-P,250000,10/4,,328000,在庫あり (1枚),https://www.cardrush-pokemon.jp/data/cardrushpokemon/_/70726f647563742f697375746170696b613035352e6a7067003136300000660023666666666666.jpg,-78000
068/SM-P,PROMO,ピカチュウ,068/SM-P,250000,10/4,,358000,在庫なし,https://www.cardrush-pokemon.jp/data/cardrushpokemon/_/70726f647563742f70696b61303638736d2e6a70670031363000534f4c44204f555400660023666666666666.jpg,-108000
088/SM-P,PROMO,トウホクのピカチュウ,088/SM-P,170000,10/4,,188000,在庫あり (2枚),https://www.cardrush-pokemon.jp/data/cardrushpokemon/_/70726f647563742f746f75686f6b7570693038382e6a7067003136300000660023666666666666.jpg,-18000
137/SM-P,PROMO,ポンチョを着たイーブイ(シャワーズ),137/SM-P,300000,10/4,,168000,在庫なし,https://www.cardrush-pokemon.jp/data/cardrushpokemon/_/70726f647563742f692d6275693137322e6a70670031363000534f4c44204f555400660023666666666666.jpg,132000
138/SM-P,PROMO,ポンチョを着たイーブイ(サンダース),138/SM-P,250000,10/4,,118000,在庫なし,https://www.cardrush-pokemon.jp/data/cardrushpokemon/_/70726f647563742f692d6275693133382e6a70670031363000534f4c44204f555400660023666666666666.jpg,132000
139/SM-P,PROMO,ポンチョを着たイーブイ(ブースター),139/SM-P,250000,10/4,,118000,在庫なし,https://www.cardrush-pokemon.jp/data/cardrushpokemon/_/70726f647563742f692d6275693133392e6a70670031363000534f4c44204f555400660023666666666666.jpg,132000
140/SM-P,PROMO,ポンチョを着たイーブイ(エーフィ),140/SM-P,250000,10/4,,108000,在庫なし,https://www.cardrush-pokemon.jp/data/cardrushpokemon/_/70726f647563742f692d6275693134302e6a70670031363000534f4c44204f555400660023666666666666.jpg,142000
141/SM-P,PROMO,ポンチョを着たイーブイ(ブラッキー),141/SM-P,350000,10/4,,168000,在庫なし,https://www.cardrush-pokemon.jp/data/cardrushpokemon/_/70726f647563742f692d6275693134312e6a70670031363000534f4c44204f555400660023666666666666.jpg,182000
142/SM-P,PROMO,ポンチョを着たイーブイ(リーフィア),142/SM-P,250000,10/4,,108000,在庫なし,https://www.cardrush-pokemon.jp/data/cardrushpokemon/_/70726f647563742f692d6275693134322e6a70670031363000534f4c44204f555400660023666666666666.jpg,142000
143/SM-P,PROMO,ポンチョを着たイーブイ(グレイシア),143/SM-P,200000,10/4,,108000,在庫なし,https://www.cardrush-pokemon.jp/data/cardrushpokemon/_/70726f647563742f692d6275693134332e6a70670031363000534f4c44204f555400660023666666666666.jpg,92000
144/SM-P,PROMO,ポンチョを着たイーブイ(ニンフィア),144/SM-P,300000,10/4,,138000,在庫なし,https://www.cardrush-pokemon.jp/data/cardrushpokemon/_/70726f647563742f692d6275693134342e6a70670031363000534f4c44204f555400660023666666666666.jpg,162000
224/SM-P,PROMO,ピカチュウ,224/SM-P,85000,10/4,,128000,在庫あり (3枚),https://www.cardrush-pokemon.jp/data/cardrushpokemon/_/70726f647563742f70696b61323234736d2e6a7067003136300000660023666666666666.jpg,-43000
270/SM-P,PROMO,レッドのピカチュウ,270/SM-P,100000,10/4,,94800,在庫あり (4枚),https://www.cardrush-pokemon.jp/data/cardrushpokemon/_/70726f647563742f7475696b6170393236362e6a7067003136300000660023666666666666.jpg,5200
280/SM-P,PROMO,ヨコハマのピカチュウ,280/SM-P,160000,10/4,,198000,在庫なし,https://www.cardrush-pokemon.jp/data/cardrushpokemon/_/70726f647563742f32303138313233305f6132636330622e6a70670031363000534f4c44204f555400660023666666666666.jpg,-38000
281/SM-P,PROMO,ヨコハマのピカチュウ,281/SM-P,130000,10/4,,188000,在庫なし,https://www.cardrush-pokemon.jp/data/cardrushpokemon/_/70726f647563742f32303138313233305f3064353166612e6a70670031363000534f4c44204f555400660023666666666666.jpg,-58000
282/SM-P,PROMO,ヨコハマのピカチュウ,282/SM-P,100000,10/4,,138000,在庫あり (1枚),https://www.cardrush-pokemon.jp/data/cardrushpokemon/_/70726f647563742f32303138313233305f3437613739322e6a7067003136300000660023666666666666.jpg,-38000
283/SM-P,PROMO,ヨコハマのピカチュウ,283/SM-P,80000,10/4,,84800,在庫なし,https://www.cardrush-pokemon.jp/data/cardrushpokemon/_/70726f647563742f32303138313233305f6439366330382e6a70670031363000534f4c44204f555400660023666666666666.jpg,-4800
287/SM-P,PROMO,イーブイ(ムンク),287/SM-P,450000,10/4,,348000,在庫なし,https://www.cardrush-pokemon.jp/data/cardrushpokemon/_/70726f647563742f32303138313132365f6439633866372e6a70670031363000534f4c44204f555400660023666666666666.jpg,102000
286/SM-P,PROMO,コダック(ムンク),286/SM-P,750000,10/4,,398000,在庫あり (3枚),https://www.cardrush-pokemon.jp/data/cardrushpokemon/_/70726f647563742f32303138313132365f6561353866362e6a7067003136300000660023666666666666.jpg,352000
288/SM-P,PROMO,ピカチュウ(ムンク),288/SM-P,1000000,10/4,,1880000,在庫なし,https://www.cardrush-pokemon.jp/data/cardrushpokemon/_/70726f647563742f32303138313231315f3664373231322e6a70670031363000534f4c44204f555400660023666666666666.jpg,-880000
289/SM-P,PROMO,ミミッキュ(ムンク),289/SM-P,1500000,10/4,,1880000,在庫なし,https://www.cardrush-pokemon.jp/data/cardrushpokemon/_/70726f647563742f32303138313233305f6438373262662e6a70670031363000534f4c44204f555400660023666666666666.jpg,-380000
290/SM-P,PROMO,モクロー(ムンク),290/SM-P,150000,10/4,,218000,在庫なし,https://www.cardrush-pokemon.jp/data/cardrushpokemon/_/70726f647563742f32303138313132355f3363656365392e6a70670031363000534f4c44204f555400660023666666666666.jpg,-68000
297/SM-P,PROMO,イーブイ＆カビゴンGX,297/SM-P,45000,10/4,,34800,在庫あり (21枚),https://www.cardrush-pokemon.jp/data/cardrushpokemon/_/70726f647563742f32303138313230375f3830613963352e6a7067003136300000660023666666666666.jpg,10200
325/SM-P,PROMO,お茶会ごっこピカチュウ,325/SM-P,80000,10/4,,64800,在庫なし,https://www.cardrush-pokemon.jp/data/cardrushpokemon/_/70726f647563742f32303139303331365f3964613431642e6a70670031363000534f4c44204f555400660023666666666666.jpg,15200
381/SM-P,PROMO,ピッピ,381/SM-P,50000,10/4,,54800,在庫あり (18枚),https://www.cardrush-pokemon.jp/data/cardrushpokemon/_/70726f647563742f32303139303733315f6566303034382e6a7067003136300000660023666666666666.jpg,-4800
407/SM-P,PROMO,漫才ごっこピカチュウ,407/SM-P,85000,10/4,,57800,在庫なし,https://www.cardrush-pokemon.jp/data/cardrushpokemon/_/70726f647563742f32303139303932305f3364363538662e6a70670031363000534f4c44204f555400660023666666666666.jpg,27200
392/SM-P,PROMO,海で遊ぶピカチュウ,392/SM-P,40000,10/4,,49800,在庫あり (16枚),https://www.cardrush-pokemon.jp/data/cardrushpokemon/_/70726f647563742f32303139303830335f6231333865392e6a7067003136300000660023666666666666.jpg,-9800
365/SM-P,PROMO,アーマードミュウツー,365/SM-P,65000,10/4,,3980,在庫なし,https://www.cardrush-pokemon.jp/data/cardrushpokemon/_/70726f647563742f32303139303730355f3332323763322e6a70670031363000534f4c44204f555400660023666666666666.jpg,61020
